do not touch,Plasmid,Con [ng/ul],Conc (nM),Size (bp),mw (ng/pmol),,,plamsid (ng),1,2,3,4,5,6,7,8,9,10,11,12,13,14,15,16,17,18,19,20,21,22,23,24,25,26,27,28,29,30,31,32,33,34,35,36,37,38,39,40,41,42,43,44,45,46,47,48,49,50,51,52,53,54,55,56,57,58,59,60,61,62,63,64,65,66,67,68,69,70,71,72,73,74,75,76,77,78,79,80,81,82,83,84,85,86,87,88,89,90,91,92,93,94,95,96,repl,total DNA combo final volume w/water (uL),plasmid concentration nM,1,2,3,4,5,6,7,8,9,10,11,12,13,14,15,16,17,18,19,20,21,22,23,24,25,26,27,28,29,30,31,32,33,34,35,36,37,38,39,40,41,42,43,44,45,46,47,48,49,50,51,52,53,54,55,56,57,58,59,60,61,62,63,64,65,66,67,68,69,70,71,72,73,74,75,76,77,78,79,80,81,82,83,84,85,86,87,88,89,90,91,92,93,94,95,96,,,,
enter your value,,,,,,,what is 1x in fmol,fmols each 1x,25,25,25,25,25,25,25,25,25,25,25,25,25,25,25,25,25,25,25,25,25,25,25,25,25,25,25,25,25,25,25,25,25,25,25,25,25,25,25,25,25,25,25,25,25,25,25,25,25,25,25,25,25,25,25,25,25,25,25,25,25,25,25,25,25,25,25,25,25,25,25,25,25,25,25,25,25,25,25,25,25,25,25,25,25,25,25,25,25,25,25,25,25,25,25,25,4,11,multiplier,0.35,0.35,0.35,0.35,0.35,0.35,0.35,0.35,0.35,0.35,0.35,0.35,0.35,0.35,0.35,0.35,0.35,0.35,0.35,0.35,0.35,0.35,0.35,0.35,0.35,0.35,0.35,0.35,0.35,0.35,0.35,0.35,0.35,0.35,0.35,0.35,0.35,0.35,0.35,0.35,0.35,0.35,0.35,0.35,0.35,0.35,0.35,0.35,0.35,0.35,0.35,0.35,0.35,0.35,0.35,0.35,0.35,0.35,0.35,0.35,0.35,0.35,0.35,0.35,0.35,0.35,0.35,0.35,0.35,0.35,0.35,0.35,0.35,0.35,0.35,0.35,0.35,0.35,0.35,0.35,0.35,0.35,0.35,0.35,0.35,0.35,0.35,0.35,0.35,0.35,0.35,0.35,0.35,0.35,0.35,0.35,,,,
let the formula do it's job,,,,,,,,total ng (6-well),3000,3000,3000,3000,3000,3000,3000,3000,3000,3000,3000,3000,3000,3000,3000,3000,3000,3000,3000,3000,3000,3000,3000,3000,3000,3000,3000,3000,3000,3000,3000,3000,3000,3000,3000,3000,3000,3000,3000,3000,3000,3000,3000,3000,3000,3000,3000,3000,3000,3000,3000,3000,3000,3000,3000,3000,3000,3000,3000,3000,3000,3000,3000,3000,3000,3000,3000,3000,3000,3000,3000,3000,3000,3000,3000,3000,3000,3000,3000,3000,3000,3000,3000,3000,3000,3000,3000,3000,3000,3000,3000,3000,3000,3000,3000,3000,,,ul/6-well rxn,139.93,135.06,130.2,125.34,120.47,115.61,105.88,156.21,138.24,133.37,128.51,123.65,118.78,113.92,104.19,106.21,134.86,129.99,125.13,120.26,115.4,110.54,100.81,156.21,128.09,123.23,118.36,113.5,108.64,103.77,94.05,106.21,114.82,115.04,114.81,114.99,114.74,115.06,114.85,156.21,113.51,113.28,113.45,113.21,113.52,113.32,113.5,106.21,113.68,113.44,113.75,113.54,113.45,113.2,113.52,156.21,113.31,113.38,113.69,113.49,113.45,113.24,113.56,106.21,109.72,109.17,109.59,109.02,109.75,109.27,109.71,156.21,110.12,109.55,110.28,109.8,109.57,109.01,109.74,106.21,109.26,109.42,110.15,109.67,109.58,109.1,109.84,156.21,114.56,109.7,104.84,99.97,95.11,90.25,80.52,106.21,,volume (nL),total nmol transferred,total volume of stock transferred
,m162_GvpA,387,107.0835639,5560,3614,,plasmid ng in chart,m162_GvpA,542.1,722.8,903.5,1084.2,1264.9,1445.6,1807,0,542.1,722.8,903.5,1084.2,1264.9,1445.6,1807,1355.25,542.1,722.8,903.5,1084.2,1264.9,1445.6,1807,0,542.1,722.8,903.5,1084.2,1264.9,1445.6,1807,1355.25,1355.25,1355.25,1355.25,1355.25,1355.25,1355.25,1355.25,0,1355.25,1355.25,1355.25,1355.25,1355.25,1355.25,1355.25,1355.25,1355.25,1355.25,1355.25,1355.25,1355.25,1355.25,1355.25,0,1355.25,1355.25,1355.25,1355.25,1355.25,1355.25,1355.25,1355.25,1355.25,1355.25,1355.25,1355.25,1355.25,1355.25,1355.25,0,1355.25,1355.25,1355.25,1355.25,1355.25,1355.25,1355.25,1355.25,1355.25,1355.25,1355.25,1355.25,1355.25,1355.25,1355.25,0,542.1,722.8,903.5,1084.2,1264.9,1445.6,1807,1355.25,,,m162_GvpA,4.77,6.36,7.95,9.55,11.14,12.73,15.91,0,4.77,6.36,7.95,9.55,11.14,12.73,15.91,11.93,4.77,6.36,7.95,9.55,11.14,12.73,15.91,0,4.77,6.36,7.95,9.55,11.14,12.73,15.91,11.93,11.93,11.93,11.93,11.93,11.93,11.93,11.93,0,11.93,11.93,11.93,11.93,11.93,11.93,11.93,11.93,11.93,11.93,11.93,11.93,11.93,11.93,11.93,0,11.93,11.93,11.93,11.93,11.93,11.93,11.93,11.93,11.93,11.93,11.93,11.93,11.93,11.93,11.93,0,11.93,11.93,11.93,11.93,11.93,11.93,11.93,11.93,11.93,11.93,11.93,11.93,11.93,11.93,11.93,0,4.77,6.36,7.95,9.55,11.14,12.73,15.91,11.93,,m162_GvpA,0.01098125,102.5484173
,m163_GvpF,50,15.06818353,5105,3318.25,,,m163_GvpF,10.37,10.37,10.37,10.37,10.37,10.37,10.37,0,20.74,20.74,20.74,20.74,20.74,20.74,20.74,82.96,41.48,41.48,41.48,41.48,41.48,41.48,41.48,0,82.96,82.96,82.96,82.96,82.96,82.96,82.96,82.96,82.96,20.74,20.74,20.74,20.74,20.74,20.74,0,82.96,82.96,82.96,82.96,82.96,82.96,20.74,82.96,20.74,20.74,20.74,20.74,20.74,20.74,20.74,0,20.74,20.74,20.74,20.74,20.74,20.74,20.74,82.96,165.91,165.91,165.91,165.91,165.91,165.91,20.74,0,20.74,20.74,20.74,20.74,20.74,20.74,20.74,82.96,20.74,20.74,20.74,20.74,20.74,20.74,20.74,0,165.91,165.91,165.91,165.91,165.91,165.91,165.91,82.96,,,m163_GvpF,0.099,0.099,0.099,0.099,0.099,0.099,0.099,0,0.199,0.199,0.199,0.199,0.199,0.199,0.199,0.795,0.398,0.398,0.398,0.398,0.398,0.398,0.398,0,0.795,0.795,0.795,0.795,0.795,0.795,0.795,0.795,0.795,0.199,0.199,0.199,0.199,0.199,0.199,0,0.795,0.795,0.795,0.795,0.795,0.795,0.199,0.795,0.199,0.199,0.199,0.199,0.199,0.199,0.199,0,0.199,0.199,0.199,0.199,0.199,0.199,0.199,0.795,1.591,1.591,1.591,1.591,1.591,1.591,0.199,0,0.199,0.199,0.199,0.199,0.199,0.199,0.199,0.795,0.199,0.199,0.199,0.199,0.199,0.199,0.199,0,1.591,1.591,1.591,1.591,1.591,1.591,1.591,0.795,,m163_GvpF,0.000534844,35.49490547
,m164_GvpG ,50,16.20798081,4746,3084.9,,,m164_GvpG ,9.64,9.64,9.64,9.64,9.64,9.64,9.64,0,19.28,19.28,19.28,19.28,19.28,19.28,19.28,77.12,38.56,38.56,38.56,38.56,38.56,38.56,38.56,0,77.12,77.12,77.12,77.12,77.12,77.12,77.12,77.12,19.28,77.12,19.28,19.28,19.28,19.28,19.28,0,77.12,19.28,19.28,19.28,19.28,19.28,77.12,77.12,77.12,77.12,77.12,77.12,19.28,19.28,19.28,0,19.28,19.28,19.28,19.28,19.28,19.28,19.28,77.12,154.25,19.28,19.28,19.28,19.28,19.28,154.25,0,154.25,154.25,154.25,154.25,19.28,19.28,19.28,77.12,19.28,19.28,19.28,19.28,19.28,19.28,19.28,0,154.25,154.25,154.25,154.25,154.25,154.25,154.25,77.12,,,m164_GvpG ,0.099,0.099,0.099,0.099,0.099,0.099,0.099,0,0.199,0.199,0.199,0.199,0.199,0.199,0.199,0.795,0.398,0.398,0.398,0.398,0.398,0.398,0.398,0,0.795,0.795,0.795,0.795,0.795,0.795,0.795,0.795,0.199,0.795,0.199,0.199,0.199,0.199,0.199,0,0.795,0.199,0.199,0.199,0.199,0.199,0.795,0.795,0.795,0.795,0.795,0.795,0.199,0.199,0.199,0,0.199,0.199,0.199,0.199,0.199,0.199,0.199,0.795,1.591,0.199,0.199,0.199,0.199,0.199,1.591,0,1.591,1.591,1.591,1.591,0.199,0.199,0.199,0.795,0.199,0.199,0.199,0.199,0.199,0.199,0.199,0,1.591,1.591,1.591,1.591,1.591,1.591,1.591,0.795,,m164_GvpG ,0.000534844,32.99878969
,m165_GvpJ,50,15.04166541,5114,3324.1,,,m165_GvpJ,10.39,10.39,10.39,10.39,10.39,10.39,10.39,0,20.78,20.78,20.78,20.78,20.78,20.78,20.78,83.1,41.55,41.55,41.55,41.55,41.55,41.55,41.55,0,83.1,83.1,83.1,83.1,83.1,83.1,83.1,83.1,20.78,20.78,83.1,20.78,20.78,20.78,20.78,0,20.78,83.1,20.78,20.78,20.78,20.78,83.1,83.1,20.78,20.78,20.78,20.78,83.1,83.1,83.1,0,83.1,20.78,20.78,20.78,20.78,20.78,20.78,83.1,20.78,166.21,20.78,20.78,20.78,20.78,166.21,0,20.78,20.78,20.78,20.78,166.21,166.21,166.21,83.1,166.21,20.78,20.78,20.78,20.78,20.78,20.78,0,166.21,166.21,166.21,166.21,166.21,166.21,166.21,83.1,,,m165_GvpJ,0.099,0.099,0.099,0.099,0.099,0.099,0.099,0,0.199,0.199,0.199,0.199,0.199,0.199,0.199,0.795,0.398,0.398,0.398,0.398,0.398,0.398,0.398,0,0.795,0.795,0.795,0.795,0.795,0.795,0.795,0.795,0.199,0.199,0.795,0.199,0.199,0.199,0.199,0,0.199,0.795,0.199,0.199,0.199,0.199,0.795,0.795,0.199,0.199,0.199,0.199,0.795,0.795,0.795,0,0.795,0.199,0.199,0.199,0.199,0.199,0.199,0.795,0.199,1.591,0.199,0.199,0.199,0.199,1.591,0,0.199,0.199,0.199,0.199,1.591,1.591,1.591,0.795,1.591,0.199,0.199,0.199,0.199,0.199,0.199,0,1.591,1.591,1.591,1.591,1.591,1.591,1.591,0.795,,m165_GvpJ,0.000534844,35.55748219
,m166_GvpK,50,15.90963328,4835,3142.75,,,m166_GvpK,9.82,9.82,9.82,9.82,9.82,9.82,9.82,0,19.64,19.64,19.64,19.64,19.64,19.64,19.64,78.57,39.28,39.28,39.28,39.28,39.28,39.28,39.28,0,78.57,78.57,78.57,78.57,78.57,78.57,78.57,78.57,19.64,19.64,19.64,78.57,19.64,19.64,19.64,0,19.64,19.64,78.57,19.64,19.64,19.64,19.64,78.57,78.57,19.64,19.64,19.64,78.57,19.64,19.64,0,19.64,78.57,78.57,78.57,19.64,19.64,19.64,78.57,19.64,19.64,157.14,19.64,19.64,19.64,19.64,0,157.14,19.64,19.64,19.64,157.14,19.64,19.64,78.57,19.64,157.14,157.14,157.14,19.64,19.64,19.64,0,157.14,157.14,157.14,157.14,157.14,157.14,157.14,78.57,,,m166_GvpK,0.099,0.099,0.099,0.099,0.099,0.099,0.099,0,0.199,0.199,0.199,0.199,0.199,0.199,0.199,0.795,0.398,0.398,0.398,0.398,0.398,0.398,0.398,0,0.795,0.795,0.795,0.795,0.795,0.795,0.795,0.795,0.199,0.199,0.199,0.795,0.199,0.199,0.199,0,0.199,0.199,0.795,0.199,0.199,0.199,0.199,0.795,0.795,0.199,0.199,0.199,0.795,0.199,0.199,0,0.199,0.795,0.795,0.795,0.199,0.199,0.199,0.795,0.199,0.199,1.591,0.199,0.199,0.199,0.199,0,1.591,0.199,0.199,0.199,1.591,0.199,0.199,0.795,0.199,1.591,1.591,1.591,0.199,0.199,0.199,0,1.591,1.591,1.591,1.591,1.591,1.591,1.591,0.795,,m166_GvpK,0.000534844,33.61760391
,m167_GvpN ,50,14.7390452,5219,3392.35,,,m167_GvpN ,10.6,10.6,10.6,10.6,10.6,10.6,10.6,0,21.2,21.2,21.2,21.2,21.2,21.2,21.2,84.81,42.4,42.4,42.4,42.4,42.4,42.4,42.4,0,84.81,84.81,84.81,84.81,84.81,84.81,84.81,84.81,21.2,21.2,21.2,21.2,84.81,21.2,21.2,0,21.2,21.2,21.2,84.81,21.2,21.2,21.2,84.81,21.2,84.81,21.2,21.2,21.2,84.81,21.2,0,21.2,84.81,21.2,21.2,84.81,84.81,21.2,84.81,21.2,21.2,21.2,169.62,21.2,21.2,21.2,0,21.2,169.62,21.2,21.2,21.2,169.62,21.2,84.81,21.2,169.62,21.2,21.2,169.62,169.62,21.2,0,169.62,169.62,169.62,169.62,169.62,169.62,169.62,84.81,,,m167_GvpN ,0.099,0.099,0.099,0.099,0.099,0.099,0.099,0,0.199,0.199,0.199,0.199,0.199,0.199,0.199,0.795,0.398,0.398,0.398,0.398,0.398,0.398,0.398,0,0.795,0.795,0.795,0.795,0.795,0.795,0.795,0.795,0.199,0.199,0.199,0.199,0.795,0.199,0.199,0,0.199,0.199,0.199,0.795,0.199,0.199,0.199,0.795,0.199,0.795,0.199,0.199,0.199,0.795,0.199,0,0.199,0.795,0.199,0.199,0.795,0.795,0.199,0.795,0.199,0.199,0.199,1.591,0.199,0.199,0.199,0,0.199,1.591,0.199,0.199,0.199,1.591,0.199,0.795,0.199,1.591,0.199,0.199,1.591,1.591,0.199,0,1.591,1.591,1.591,1.591,1.591,1.591,1.591,0.795,,m167_GvpN ,0.000534844,36.28754391
,m168_GvpV,50,16.28691021,4723,3069.95,,,m168_GvpV,9.59,9.59,9.59,9.59,9.59,9.59,9.59,0,19.19,19.19,19.19,19.19,19.19,19.19,19.19,76.75,38.37,38.37,38.37,38.37,38.37,38.37,38.37,0,76.75,76.75,76.75,76.75,76.75,76.75,76.75,76.75,19.19,19.19,19.19,19.19,19.19,76.75,19.19,0,19.19,19.19,19.19,19.19,76.75,19.19,19.19,76.75,19.19,19.19,76.75,19.19,19.19,19.19,76.75,0,19.19,19.19,76.75,19.19,76.75,19.19,76.75,76.75,19.19,19.19,19.19,19.19,153.5,19.19,19.19,0,19.19,19.19,153.5,19.19,19.19,19.19,153.5,76.75,19.19,19.19,153.5,19.19,153.5,19.19,153.5,0,153.5,153.5,153.5,153.5,153.5,153.5,153.5,76.75,,,m168_GvpV,0.099,0.099,0.099,0.099,0.099,0.099,0.099,0,0.199,0.199,0.199,0.199,0.199,0.199,0.199,0.795,0.398,0.398,0.398,0.398,0.398,0.398,0.398,0,0.795,0.795,0.795,0.795,0.795,0.795,0.795,0.795,0.199,0.199,0.199,0.199,0.199,0.795,0.199,0,0.199,0.199,0.199,0.199,0.795,0.199,0.199,0.795,0.199,0.199,0.795,0.199,0.199,0.199,0.795,0,0.199,0.199,0.795,0.199,0.795,0.199,0.795,0.795,0.199,0.199,0.199,0.199,1.591,0.199,0.199,0,0.199,0.199,1.591,0.199,0.199,0.199,1.591,0.795,0.199,0.199,1.591,0.199,1.591,0.199,1.591,0,1.591,1.591,1.591,1.591,1.591,1.591,1.591,0.795,,m168_GvpV,0.000534844,32.83887141
,m169_GvpW,50,15.23832744,5048,3281.2,,,m169_GvpW,10.25,10.25,10.25,10.25,10.25,10.25,10.25,0,20.51,20.51,20.51,20.51,20.51,20.51,20.51,82.03,41.02,41.02,41.02,41.02,41.02,41.02,41.02,0,82.03,82.03,82.03,82.03,82.03,82.03,82.03,82.03,20.51,20.51,20.51,20.51,20.51,20.51,82.03,0,20.51,20.51,20.51,20.51,20.51,82.03,20.51,82.03,20.51,20.51,20.51,82.03,20.51,20.51,20.51,0,82.03,20.51,20.51,82.03,20.51,82.03,82.03,82.03,20.51,20.51,20.51,20.51,20.51,164.06,20.51,0,20.51,20.51,20.51,164.06,20.51,20.51,20.51,82.03,164.06,20.51,20.51,164.06,20.51,164.06,164.06,0,164.06,164.06,164.06,164.06,164.06,164.06,164.06,82.03,,,m169_GvpW,0.099,0.099,0.099,0.099,0.099,0.099,0.099,0,0.199,0.199,0.199,0.199,0.199,0.199,0.199,0.795,0.398,0.398,0.398,0.398,0.398,0.398,0.398,0,0.795,0.795,0.795,0.795,0.795,0.795,0.795,0.795,0.199,0.199,0.199,0.199,0.199,0.199,0.795,0,0.199,0.199,0.199,0.199,0.199,0.795,0.199,0.795,0.199,0.199,0.199,0.795,0.199,0.199,0.199,0,0.795,0.199,0.199,0.795,0.199,0.795,0.795,0.795,0.199,0.199,0.199,0.199,0.199,1.591,0.199,0,0.199,0.199,0.199,1.591,0.199,0.199,0.199,0.795,1.591,0.199,0.199,1.591,0.199,1.591,1.591,0,1.591,1.591,1.591,1.591,1.591,1.591,1.591,0.795,,m169_GvpW,0.000534844,35.09858625
,pUC19 (maxi),202.9,116.2151326,2686,1745.9,,,pUC19 (maxi),2387.23,2206.53,2025.83,1845.13,1664.43,1483.73,1122.33,3000,2316.57,2135.87,1955.17,1774.47,1593.77,1413.07,1051.67,1079.41,2175.23,1994.53,1813.83,1633.13,1452.43,1271.73,910.33,3000,1892.56,1711.86,1531.16,1350.46,1169.76,989.06,627.66,1079.41,1441.2,1445.57,1441.09,1444.49,1439.81,1445.85,1441.89,3000,1383.36,1378.87,1382.27,1377.59,1383.64,1379.68,1383.25,1079.41,1386.65,1381.97,1388.01,1384.05,1382.16,1377.48,1383.53,3000,1379.57,1380.88,1386.93,1382.97,1382.25,1378.29,1384.33,1079.41,1223.28,1212.81,1220.75,1209.83,1223.93,1214.69,1223.02,3000,1230.96,1220.04,1234.14,1224.9,1220.49,1209.57,1223.68,1079.41,1214.43,1217.51,1231.61,1222.37,1220.69,1211.45,1225.55,3000,1327.23,1146.53,965.83,785.13,604.43,423.73,62.33,1079.41,,,pUC19 (maxi),43.506,40.213,36.92,33.627,30.333,27.04,20.454,54.674,42.218,38.925,35.632,32.339,29.046,25.752,19.166,19.672,39.643,36.349,33.056,29.763,26.47,23.177,16.59,54.674,34.491,31.198,27.905,24.612,21.318,18.025,11.439,19.672,26.265,26.345,26.263,26.325,26.24,26.35,26.278,54.674,25.211,25.129,25.191,25.106,25.216,25.144,25.209,19.672,25.271,25.186,25.296,25.224,25.189,25.104,25.214,54.674,25.142,25.166,25.276,25.204,25.191,25.119,25.229,19.672,22.294,22.103,22.248,22.049,22.306,22.137,22.289,54.674,22.434,22.235,22.492,22.323,22.243,22.044,22.301,19.672,22.132,22.188,22.445,22.277,22.246,22.078,22.335,54.674,24.188,20.895,17.602,14.309,11.015,7.722,1.136,19.672,,pUC19 (maxi),0.028076679,241.5922788
,,,,,,,,,,,,,,,,,,,,,,,,,,,,,,,,,,,,,,,,,,,,,,,,,,,,,,,,,,,,,,,,,,,,,,,,,,,,,,,,,,,,,,,,,,,,,,,,,,,,,,,,,,,Final volume of DNA before water (uL),5.103,4.955,4.806,4.658,4.51,4.361,4.065,5.175,5.476,5.327,5.179,5.031,4.883,4.734,4.438,7.045,6.221,6.073,5.925,5.776,5.628,5.48,5.183,5.175,7.712,7.564,7.416,7.267,7.119,6.971,6.674,7.045,5.137,5.114,5.137,5.119,5.144,5.112,5.133,5.175,5.442,5.465,5.447,5.472,5.44,5.461,5.442,7.045,5.424,5.449,5.417,5.438,5.448,5.473,5.441,5.175,5.462,5.455,5.423,5.444,5.448,5.468,5.437,7.045,6.286,6.341,6.299,6.357,6.283,6.331,6.287,5.175,6.246,6.303,6.229,6.278,6.301,6.358,6.284,7.045,6.333,6.317,6.242,6.291,6.3,6.349,6.274,5.175,10.694,10.546,10.398,10.25,10.101,9.953,9.656,7.045,,total volume,,
,,,,,,,,,,,,,,,,,,,,,,,,,,,,,,,,,,,,,,,,,,,,,,,,,,,,,,,,,,,,,,,,,,,,,,,,,,,,,,,,,,,,,,,,,,,,,,,,,,,,,,,,,,,H2O,5.9,6.05,6.19,6.34,6.49,6.64,6.94,5.83,5.52,5.67,5.82,5.97,6.12,6.27,6.56,3.95,4.78,4.93,5.08,5.22,5.37,5.52,5.82,5.83,3.29,3.44,3.58,3.73,3.88,4.03,4.33,3.95,5.86,5.89,5.86,5.88,5.86,5.89,5.87,5.83,5.56,5.53,5.55,5.53,5.56,5.54,5.56,3.95,5.58,5.55,5.58,5.56,5.55,5.53,5.56,5.83,5.54,5.55,5.58,5.56,5.55,5.53,5.56,3.95,4.71,4.66,4.7,4.64,4.72,4.67,4.71,5.83,4.75,4.7,4.77,4.72,4.7,4.64,4.72,3.95,4.67,4.68,4.76,4.71,4.7,4.65,4.73,5.83,0.31,0.45,0.6,0.75,0.9,1.05,1.34,3.95,,water volume,,469.99
,,,,,,,,,,,,,,,,,,,,,,,,,,,,,,,,,,,,,,,,,,,,,,,,,,,,,,,,,,,,,,,,,,,,,,,,,,,,,,,,,,,,,,,,,,,,,,,,,,,,,,,,,,,well_id,H1,G1,F1,E1,D1,C1,B1,A1,H2,G2,F2,E2,D2,C2,B2,A2,H3,G3,F3,E3,D3,C3,B3,A3,H4,G4,F4,E4,D4,C4,B4,A4,H5,G5,F5,E5,D5,C5,B5,A5,H6,G6,F6,E6,D6,C6,B6,A6,H7,G7,F7,E7,D7,C7,B7,A7,H8,G8,F8,E8,D8,C8,B8,A8,H9,G9,F9,E9,D9,C9,B9,A9,H10,G10,F10,E10,D10,C10,B10,A10,H11,G11,F11,E11,D11,C11,B11,A11,H12,G12,F12,E12,D12,C12,B12,A12,,,,
,,,,,,,,,,,,,,,,,,,,,,,,,,,,,,,,,,,,,,,,,,,,,,,,,,,,,,,,,,,,,,,,,,,,,,,,,,,,,,,,,,,,,,,,,,,,,,,,,,,,,,,,,,,,,,,,,,,,,,,,,,,,,,,,,,,,,,,,,,,,,,,,,,,,,,,,,,,,,,,,,,,,,,,,,,,,,,,,,,,,,,,,,,,,,,,,,,,,,,,,,,,,,,,
,,,,,,,,,,,,,,,,,,,,,,,,,,,,,,,,,,,,,,,,,,,,,,,,,,,,,,,,,,,,,,,,,,,,,,,,,,,,,,,,,,,,,,,,,,,,,,,,,,,,,,,,,,,,,,,,,,,,,,,,,,,,,,,,,,,,,,,,,,,,,,,,,,,,,,,,,,,,,,,,,,,,,,,,,,,,,,,,,,,,,,,,,,,,,,,,,,,,,,,,,,,,,,,
,,,,,,,,,,,,,,,,,,,,,,,,,,,,,,,,,,,,,,,,,,,,,,,,,,,,,,,,,,,,,,,,,,,,,,,,,,,,,,,,,,,,,,,,,,,,,,,,,,,,,,,,,,,,,,,,,,,,,,,,,,,,,,,,,,,,,,,,,,,,,,,,,,,,,,,,,,,,,,,,,,,,,,,,,,,,,,,,,,,,,,,,,,,,,,,,,,,,,,,,,,,,,,,
,,,,,,,,,,,,,,,,,,,,,,,,,,,,,,,,,,,,,,,,,,,,,,,,,,,,,,,,,,,,,,,,,,,,,,,,,,,,,,,,,,,,,,,,,,,,,,,,,,,,,,,,,,,,4.8177,6.4236,8.0295,9.6455,11.2514,12.8573,16.0691,0,4.8177,6.4236,8.0295,9.6455,11.2514,12.8573,16.0691,12.0493,4.8177,6.4236,8.0295,9.6455,11.2514,12.8573,16.0691,0,4.8177,6.4236,8.0295,9.6455,11.2514,12.8573,16.0691,12.0493,12.0493,12.0493,12.0493,12.0493,12.0493,12.0493,12.0493,0,12.0493,12.0493,12.0493,12.0493,12.0493,12.0493,12.0493,12.0493,12.0493,12.0493,12.0493,12.0493,12.0493,12.0493,12.0493,0,12.0493,12.0493,12.0493,12.0493,12.0493,12.0493,12.0493,12.0493,12.0493,12.0493,12.0493,12.0493,12.0493,12.0493,12.0493,0,12.0493,12.0493,12.0493,12.0493,12.0493,12.0493,12.0493,12.0493,12.0493,12.0493,12.0493,12.0493,12.0493,12.0493,12.0493,0,4.8177,6.4236,8.0295,9.6455,11.2514,12.8573,16.0691,12.0493,,,,
,,,,,,,,,,,,,,,,,,,,,,,,,,,,,,,,,,,,,,,,,,,,,,,,,,,,,,,,,,,,,,,,,,,,,,,,,,,,,,,,,,,,,,,,,,,,,,,,,,,,,,,,,,,,0.09999,,,,,,,,,,,,,,,,,,,,,,,,,,,,,,,,,,,,,,,,,,,,,,,,,,,,,,,,,,,,,,,,,,,,,,,,,,,,,,,,,,,,,,,,,,,,,,,,,,,
,,,,,,,,,,,,,,,,,,,,,,,,,,,,,,,,,,,,,,,,,,,,,,,,,,,,,,,,,,,,,,,,,,,,,,,,,,,,,,,,,,,,,,,,,,,,,,,,,,,,,,,,,,,,0.09999,,,,,,,,,,,,,,,,,,,,,,,,,,,,,,,,,,,,,,,,,,,,,,,,,,,,,,,,,,,,,,,,,,,,,,,,,,,,,,,,,,,,,,,,,,,,,,,,,,,
,,,,,,,,,,,,,,,,,,,,,,,,,,,,,,,,,,,,,,,,,,,,,,,,,,,,,,,,,,,,,,,,,,,,,,,,,,,,,,,,,,,,,,,,,,,,,,,,,,,,,,,,,,,,0.09999,,,,,,,,,,,,,,,,,,,,,,,,,,,,,,,,,,,,,,,,,,,,,,,,,,,,,,,,,,,,,,,,,,,,,,,,,,,,,,,,,,,,,,,,,,,,,,,,,,,
,,,,,,,,,,,,,,,,,,,,,,,,,,,,,,,,,,,,,,,,,,,,,,,,,,,,,,,,,,,,,,,,,,,,,,,,,,,,,,,,,,,,,,,,,,,,,,,,,,,,,,,,,,,,0.09999,,,,,,,,,,,,,,,,,,,,,,,,,,,,,,,,,,,,,,,,,,,,,,,,,,,,,,,,,,,,,,,,,,,,,,,,,,,,,,,,,,,,,,,,,,,,,,,,,,,
current adjustment,0.09,,,,,,,,,,,,,,,,,,,,,,,,,,,,,,,,,,,,,,,,,,,,,,,,,,,,,,,,,,,,,,,,,,,,,,,,,,,,,,,,,,,,,,,,,,,,,,,,,,,,,,,,,,,0.09999,,,,,,,,,,,,,,,,,,,,,,,,,,,,,,,,,,,,,,,,,,,,,,,,,,,,,,,,,,,,,,,,,,,,,,,,,,,,,,,,,,,,,,,,,,,,,,,,,,,
Plate type,area adjustment,,,,,,,,,,,,,,,,,,,,,,,,,,,,,,,,,,,,,,,,,,,,,,,,,,,,,,,,,,,,,,,,,,,,,,,,,,,,,,,,,,,,,,,,,,,,,,,,,,,,,,,,,,,0.09999,,,,,,,,,,,,,,,,,,,,,,,,,,,,,,,,,,,,,,,,,,,,,,,,,,,,,,,,,,,,,,,,,,,,,,,,,,,,,,,,,,,,,,,,,,,,,,,,,,,
10 cm,5.91,,,,,,,,,,,,,,,,,,,,,,,,,,,,,,,,,,,,,,,,,,,,,,,,,,,,,,,,,,,,,,,,,,,,,,,,,,,,,,,,,,,,,,,,,,,,,,,,,,,,,,,,,,,0.09999,,,,,,,,,,,,,,,,,,,,,,,,,,,,,,,,,,,,,,,,,,,,,,,,,,,,,,,,,,,,,,,,,,,,,,,,,,,,,,,,,,,,,,,,,,,,,,,,,,,
6-well,1,,,,,,,,,,,,,,,,,,,,,,,,,,,,,,,,,,,,,,,,,,,,,,,,,,,,,,,,,,,,,,,,,,,,,,,,,,,,,,,,,,,,,,,,,,,,,,,,,,,,,,,,,,,43.94106,,,,,,,,,,,,,,,,,,,,,,,,,,,,,,,,,,,,,,,,,,,,,,,,,,,,,,,,,,,,,,,,,,,,,,,,,,,,,,,,,,,,,,,,,,,,,,,,,,,
12-well,0.36,,,,,,,,,,,,,,,,,,,,,,,,,,,,,,,,,,,,,,,,,,,,,,,,,,,,,,,,,,,,,,,,,,,,,,,,,,,,,,,,,,,,,,,,,,,,,,,,,,,,,,,,,,,5.15403,,,,,,,,,,,,,,,,,,,,,,,,,,,,,,,,,,,,,,,,,,,,,,,,,,,,,,,,,,,,,,,,,,,,,,,,,,,,,,,,,,,,,,,,,,,,,,,,,,,
24-well,0.2,,,,,,,,,,,,,,,,,,,,,,,,,,,,,,,,,,,,,,,,,,,,,,,,,,,,,,,,,,,,,,,,,,,,,,,,,,,,,,,,,,,,,,,,,,,,,,,,,,,,,,,,,,,5.959,,,,,,,,,,,,,,,,,,,,,,,,,,,,,,,,,,,,,,,,,,,,,,,,,,,,,,,,,,,,,,,,,,,,,,,,,,,,,,,,,,,,,,,,,,,,,,,,,,,
48-well,0.088,,,,,,,,,,,,,,,,,,,,,,,,,,,,,,,,,,,,,,,,,,,,,,,,,,,,,,,,,,,,,,,,,,,,,,,,,,,,,,,,,,,,,,,,,,,,,,,,,,,,,,,,,,,,,,,,,,,,,,,,,,,,,,,,,,,,,,,,,,,,,,,,,,,,,,,,,,,,,,,,,,,,,,,,,,,,,,,,,,,,,,,,,,,,,,,,,,,,,,,,,,,,,,
96-well,0.033,,,,,,,,,,,,,,,,,,,,,,,,,,,,,,,,,,,,,,,,,,,,,,,,,,,,,,,,,,,,,,,,,,,,,,,,,,,,,,,,,,,,,,,,,,,,,,,,,,,,,,,,,,,,,,,,,,,,,,,,,,,,,,,,,,,,,,,,,,,,,,,,,,,,,,,,,,,,,,,,,,,,,,,,,,,,,,,,,,,,,,,,,,,,,,,,,,,,,,,,,,,,,,
