well_id,component_1,concentration(nM).1,component_2,concentration(nM).2,component_3,concentration(nM).3,component_4,concentration(nM).4,component_5,concentration(nM).5,component_6,concentration(nM).6,component_7,concentration(nM).7,component_8,concentration(nM).8
H1,puc19,22.765,wt_GvpW,0.146,NN449_GvpN,0.146,wt_GvpK,0.146,NN457_GvpJ,0.146,NN410_GvpG,0.146,NN458_GvpF,0.583,NN400_GvpA,5.833
G1,puc19,22.823,wt_GvpW,0.146,NN449_GvpN,0.146,wt_GvpK,0.146,NN457_GvpJ,0.146,NN410_GvpG,0.583,NN458_GvpF,0.146,NN400_GvpA,5.833
F1,puc19,22.835,wt_GvpW,0.146,NN449_GvpN,0.146,wt_GvpK,0.146,NN457_GvpJ,0.583,NN410_GvpG,0.146,NN458_GvpF,0.146,NN400_GvpA,5.833
E1,puc19,22.807,wt_GvpW,0.146,NN449_GvpN,0.146,wt_GvpK,0.583,NN457_GvpJ,0.146,NN410_GvpG,0.146,NN458_GvpF,0.146,NN400_GvpA,5.833
D1,puc19,22.761,wt_GvpW,0.146,NN449_GvpN,0.583,wt_GvpK,0.146,NN457_GvpJ,0.146,NN410_GvpG,0.146,NN458_GvpF,0.146,NN400_GvpA,5.833
C1,puc19,22.772,wt_GvpW,0.583,NN449_GvpN,0.146,wt_GvpK,0.146,NN457_GvpJ,0.146,NN410_GvpG,0.146,NN458_GvpF,0.146,NN400_GvpA,5.833
B1,puc19,23.595,wt_GvpW,0.146,NN449_GvpN,0.146,wt_GvpK,0.146,NN457_GvpJ,0.146,NN410_GvpG,0.146,NN458_GvpF,0.146,NN400_GvpA,5.833
A1,puc19,40.094,wt_GvpW,0,NN449_GvpN,0,wt_GvpK,0,NN457_GvpJ,0,NN410_GvpG,0,NN458_GvpF,0,NN400_GvpA,0
H2,puc19,21.994,wt_GvpW,0.146,NN449_GvpN,0.146,wt_GvpK,0.146,NN457_GvpJ,0.146,NN410_GvpG,0.583,NN458_GvpF,0.583,NN400_GvpA,5.833
G2,puc19,22.006,wt_GvpW,0.146,NN449_GvpN,0.146,wt_GvpK,0.146,NN457_GvpJ,0.583,NN410_GvpG,0.146,NN458_GvpF,0.583,NN400_GvpA,5.833
F2,puc19,21.977,wt_GvpW,0.146,NN449_GvpN,0.146,wt_GvpK,0.583,NN457_GvpJ,0.146,NN410_GvpG,0.146,NN458_GvpF,0.583,NN400_GvpA,5.833
E2,puc19,21.931,wt_GvpW,0.146,NN449_GvpN,0.583,wt_GvpK,0.146,NN457_GvpJ,0.146,NN410_GvpG,0.146,NN458_GvpF,0.583,NN400_GvpA,5.833
D2,puc19,21.942,wt_GvpW,0.583,NN449_GvpN,0.146,wt_GvpK,0.146,NN457_GvpJ,0.146,NN410_GvpG,0.146,NN458_GvpF,0.583,NN400_GvpA,5.833
C2,puc19,22.064,wt_GvpW,0.146,NN449_GvpN,0.146,wt_GvpK,0.146,NN457_GvpJ,0.583,NN410_GvpG,0.583,NN458_GvpF,0.146,NN400_GvpA,5.833
B2,puc19,22.036,wt_GvpW,0.146,NN449_GvpN,0.146,wt_GvpK,0.583,NN457_GvpJ,0.146,NN410_GvpG,0.583,NN458_GvpF,0.146,NN400_GvpA,5.833
A2,puc19,18.791,wt_GvpW,0.583,NN449_GvpN,0.583,wt_GvpK,0.583,NN457_GvpJ,0.583,NN410_GvpG,0.583,NN458_GvpF,0.583,NN400_GvpA,5.833
H3,puc19,21.99,wt_GvpW,0.146,NN449_GvpN,0.583,wt_GvpK,0.146,NN457_GvpJ,0.146,NN410_GvpG,0.583,NN458_GvpF,0.146,NN400_GvpA,5.833
G3,puc19,22.001,wt_GvpW,0.583,NN449_GvpN,0.146,wt_GvpK,0.146,NN457_GvpJ,0.146,NN410_GvpG,0.583,NN458_GvpF,0.146,NN400_GvpA,5.833
F3,puc19,22.048,wt_GvpW,0.146,NN449_GvpN,0.146,wt_GvpK,0.583,NN457_GvpJ,0.583,NN410_GvpG,0.146,NN458_GvpF,0.146,NN400_GvpA,5.833
E3,puc19,22.002,wt_GvpW,0.146,NN449_GvpN,0.583,wt_GvpK,0.146,NN457_GvpJ,0.583,NN410_GvpG,0.146,NN458_GvpF,0.146,NN400_GvpA,5.833
D3,puc19,22.013,wt_GvpW,0.583,NN449_GvpN,0.146,wt_GvpK,0.146,NN457_GvpJ,0.583,NN410_GvpG,0.146,NN458_GvpF,0.146,NN400_GvpA,5.833
C3,puc19,21.974,wt_GvpW,0.146,NN449_GvpN,0.583,wt_GvpK,0.583,NN457_GvpJ,0.146,NN410_GvpG,0.146,NN458_GvpF,0.146,NN400_GvpA,5.833
B3,puc19,23.595,wt_GvpW,0.146,NN449_GvpN,0.146,wt_GvpK,0.146,NN457_GvpJ,0.146,NN410_GvpG,0.146,NN458_GvpF,0.146,NN400_GvpA,5.833
A3,puc19,40.094,wt_GvpW,0,NN449_GvpN,0,wt_GvpK,0,NN457_GvpJ,0,NN410_GvpG,0,NN458_GvpF,0,NN400_GvpA,0
H4,puc19,21.984,wt_GvpW,0.583,NN449_GvpN,0.146,wt_GvpK,0.583,NN457_GvpJ,0.146,NN410_GvpG,0.146,NN458_GvpF,0.146,NN400_GvpA,5.833
G4,puc19,21.938,wt_GvpW,0.583,NN449_GvpN,0.583,wt_GvpK,0.146,NN457_GvpJ,0.146,NN410_GvpG,0.146,NN458_GvpF,0.146,NN400_GvpA,5.833
F4,puc19,21.235,wt_GvpW,0.146,NN449_GvpN,0.146,wt_GvpK,0.146,NN457_GvpJ,0.583,NN410_GvpG,0.583,NN458_GvpF,0.583,NN400_GvpA,5.833
E4,puc19,21.206,wt_GvpW,0.146,NN449_GvpN,0.146,wt_GvpK,0.583,NN457_GvpJ,0.146,NN410_GvpG,0.583,NN458_GvpF,0.583,NN400_GvpA,5.833
D4,puc19,21.16,wt_GvpW,0.146,NN449_GvpN,0.583,wt_GvpK,0.146,NN457_GvpJ,0.146,NN410_GvpG,0.583,NN458_GvpF,0.583,NN400_GvpA,5.833
C4,puc19,21.171,wt_GvpW,0.583,NN449_GvpN,0.146,wt_GvpK,0.146,NN457_GvpJ,0.146,NN410_GvpG,0.583,NN458_GvpF,0.583,NN400_GvpA,5.833
B4,puc19,21.218,wt_GvpW,0.146,NN449_GvpN,0.146,wt_GvpK,0.583,NN457_GvpJ,0.583,NN410_GvpG,0.146,NN458_GvpF,0.583,NN400_GvpA,5.833
A4,puc19,18.791,wt_GvpW,0.583,NN449_GvpN,0.583,wt_GvpK,0.583,NN457_GvpJ,0.583,NN410_GvpG,0.583,NN458_GvpF,0.583,NN400_GvpA,5.833
H5,puc19,21.172,wt_GvpW,0.146,NN449_GvpN,0.583,wt_GvpK,0.146,NN457_GvpJ,0.583,NN410_GvpG,0.146,NN458_GvpF,0.583,NN400_GvpA,5.833
G5,puc19,21.183,wt_GvpW,0.583,NN449_GvpN,0.146,wt_GvpK,0.146,NN457_GvpJ,0.583,NN410_GvpG,0.146,NN458_GvpF,0.583,NN400_GvpA,5.833
F5,puc19,21.144,wt_GvpW,0.146,NN449_GvpN,0.583,wt_GvpK,0.583,NN457_GvpJ,0.146,NN410_GvpG,0.146,NN458_GvpF,0.583,NN400_GvpA,5.833
E5,puc19,21.155,wt_GvpW,0.583,NN449_GvpN,0.146,wt_GvpK,0.583,NN457_GvpJ,0.146,NN410_GvpG,0.146,NN458_GvpF,0.583,NN400_GvpA,5.833
D5,puc19,21.109,wt_GvpW,0.583,NN449_GvpN,0.583,wt_GvpK,0.146,NN457_GvpJ,0.146,NN410_GvpG,0.146,NN458_GvpF,0.583,NN400_GvpA,5.833
C5,puc19,21.277,wt_GvpW,0.146,NN449_GvpN,0.146,wt_GvpK,0.583,NN457_GvpJ,0.583,NN410_GvpG,0.583,NN458_GvpF,0.146,NN400_GvpA,5.833
B5,puc19,23.595,wt_GvpW,0.146,NN449_GvpN,0.146,wt_GvpK,0.146,NN457_GvpJ,0.146,NN410_GvpG,0.146,NN458_GvpF,0.146,NN400_GvpA,5.833
A5,puc19,40.094,wt_GvpW,0,NN449_GvpN,0,wt_GvpK,0,NN457_GvpJ,0,NN410_GvpG,0,NN458_GvpF,0,NN400_GvpA,0
H6,puc19,21.231,wt_GvpW,0.146,NN449_GvpN,0.583,wt_GvpK,0.146,NN457_GvpJ,0.583,NN410_GvpG,0.583,NN458_GvpF,0.146,NN400_GvpA,5.833
G6,puc19,21.242,wt_GvpW,0.583,NN449_GvpN,0.146,wt_GvpK,0.146,NN457_GvpJ,0.583,NN410_GvpG,0.583,NN458_GvpF,0.146,NN400_GvpA,5.833
F6,puc19,21.202,wt_GvpW,0.146,NN449_GvpN,0.583,wt_GvpK,0.583,NN457_GvpJ,0.146,NN410_GvpG,0.583,NN458_GvpF,0.146,NN400_GvpA,5.833
E6,puc19,21.213,wt_GvpW,0.583,NN449_GvpN,0.146,wt_GvpK,0.583,NN457_GvpJ,0.146,NN410_GvpG,0.583,NN458_GvpF,0.146,NN400_GvpA,5.833
D6,puc19,21.167,wt_GvpW,0.583,NN449_GvpN,0.583,wt_GvpK,0.146,NN457_GvpJ,0.146,NN410_GvpG,0.583,NN458_GvpF,0.146,NN400_GvpA,5.833
C6,puc19,21.214,wt_GvpW,0.146,NN449_GvpN,0.583,wt_GvpK,0.583,NN457_GvpJ,0.583,NN410_GvpG,0.146,NN458_GvpF,0.146,NN400_GvpA,5.833
B6,puc19,21.225,wt_GvpW,0.583,NN449_GvpN,0.146,wt_GvpK,0.583,NN457_GvpJ,0.583,NN410_GvpG,0.146,NN458_GvpF,0.146,NN400_GvpA,5.833
A6,puc19,18.791,wt_GvpW,0.583,NN449_GvpN,0.583,wt_GvpK,0.583,NN457_GvpJ,0.583,NN410_GvpG,0.583,NN458_GvpF,0.583,NN400_GvpA,5.833
H7,puc19,21.179,wt_GvpW,0.583,NN449_GvpN,0.583,wt_GvpK,0.146,NN457_GvpJ,0.583,NN410_GvpG,0.146,NN458_GvpF,0.146,NN400_GvpA,5.833
G7,puc19,21.151,wt_GvpW,0.583,NN449_GvpN,0.583,wt_GvpK,0.583,NN457_GvpJ,0.146,NN410_GvpG,0.146,NN458_GvpF,0.146,NN400_GvpA,5.833
F7,puc19,21.049,wt_GvpW,0.583,NN449_GvpN,0.146,wt_GvpK,0.073,NN457_GvpJ,0.292,NN410_GvpG,0.583,NN458_GvpF,0.583,NN400_GvpA,5.833
E7,puc19,20.771,wt_GvpW,0.583,NN449_GvpN,0.292,wt_GvpK,0.073,NN457_GvpJ,0.292,NN410_GvpG,0.583,NN458_GvpF,0.583,NN400_GvpA,5.833
D7,puc19,20.216,wt_GvpW,0.583,NN449_GvpN,0.583,wt_GvpK,0.073,NN457_GvpJ,0.292,NN410_GvpG,0.583,NN458_GvpF,0.583,NN400_GvpA,5.833
C7,puc19,30.71,wt_GvpW,0.146,NN449_GvpN,0.146,wt_GvpK,0.146,NN457_GvpJ,0.146,NN410_GvpG,0.146,NN458_GvpF,0.146,NN400_GvpA,1.167
B7,puc19,23.595,wt_GvpW,0.146,NN449_GvpN,0.146,wt_GvpK,0.146,NN457_GvpJ,0.146,NN410_GvpG,0.146,NN458_GvpF,0.146,NN400_GvpA,5.833
A7,puc19,40.094,wt_GvpW,0,NN449_GvpN,0,wt_GvpK,0,NN457_GvpJ,0,NN410_GvpG,0,NN458_GvpF,0,NN400_GvpA,0
H8,puc19,34.684,wt_GvpW,0.146,NN449_GvpN,0.146,wt_GvpK,0.146,NN457_GvpJ,0.146,NN410_GvpG,0.146,NN458_GvpF,0.583,NN400_GvpA,1.167
G8,puc19,34.742,wt_GvpW,0.146,NN449_GvpN,0.146,wt_GvpK,0.146,NN457_GvpJ,0.146,NN410_GvpG,0.583,NN458_GvpF,0.146,NN400_GvpA,1.167
F8,puc19,34.754,wt_GvpW,0.146,NN449_GvpN,0.146,wt_GvpK,0.146,NN457_GvpJ,0.583,NN410_GvpG,0.146,NN458_GvpF,0.146,NN400_GvpA,1.167
E8,puc19,34.726,wt_GvpW,0.146,NN449_GvpN,0.146,wt_GvpK,0.583,NN457_GvpJ,0.146,NN410_GvpG,0.146,NN458_GvpF,0.146,NN400_GvpA,1.167
D8,puc19,34.68,wt_GvpW,0.146,NN449_GvpN,0.583,wt_GvpK,0.146,NN457_GvpJ,0.146,NN410_GvpG,0.146,NN458_GvpF,0.146,NN400_GvpA,1.167
C8,puc19,34.69,wt_GvpW,0.583,NN449_GvpN,0.146,wt_GvpK,0.146,NN457_GvpJ,0.146,NN410_GvpG,0.146,NN458_GvpF,0.146,NN400_GvpA,1.167
B8,puc19,30.71,wt_GvpW,0.583,NN449_GvpN,0.583,wt_GvpK,0.583,NN457_GvpJ,0.583,NN410_GvpG,0.583,NN458_GvpF,0.583,NN400_GvpA,1.167
A8,puc19,18.791,wt_GvpW,0.583,NN449_GvpN,0.583,wt_GvpK,0.583,NN457_GvpJ,0.583,NN410_GvpG,0.583,NN458_GvpF,0.583,NN400_GvpA,5.833
H9,puc19,19.897,wt_GvpW,0.583,NN449_GvpN,0.583,wt_GvpK,0.583,NN457_GvpJ,0.583,NN410_GvpG,0.583,NN458_GvpF,0,NN400_GvpA,5.833
G9,puc19,19.819,wt_GvpW,0.583,NN449_GvpN,0.583,wt_GvpK,0.583,NN457_GvpJ,0.583,NN410_GvpG,0,NN458_GvpF,0.583,NN400_GvpA,5.833
F9,puc19,19.803,wt_GvpW,0.583,NN449_GvpN,0.583,wt_GvpK,0.583,NN457_GvpJ,0,NN410_GvpG,0.583,NN458_GvpF,0.583,NN400_GvpA,5.833
E9,puc19,19.841,wt_GvpW,0.583,NN449_GvpN,0.583,wt_GvpK,0,NN457_GvpJ,0.583,NN410_GvpG,0.583,NN458_GvpF,0.583,NN400_GvpA,5.833
D9,puc19,19.902,wt_GvpW,0.583,NN449_GvpN,0,wt_GvpK,0.583,NN457_GvpJ,0.583,NN410_GvpG,0.583,NN458_GvpF,0.583,NN400_GvpA,5.833
C9,puc19,19.888,wt_GvpW,0,NN449_GvpN,0.583,wt_GvpK,0.583,NN457_GvpJ,0.583,NN410_GvpG,0.583,NN458_GvpF,0.583,NN400_GvpA,5.833
B9,puc19,23.595,wt_GvpW,0.146,NN449_GvpN,0.146,wt_GvpK,0.146,NN457_GvpJ,0.146,NN410_GvpG,0.146,NN458_GvpF,0.146,NN400_GvpA,5.833
A9,puc19,40.094,wt_GvpW,0,NN449_GvpN,0,wt_GvpK,0,NN457_GvpJ,0,NN410_GvpG,0,NN458_GvpF,0,NN400_GvpA,0
H10,puc19,12.386,wt_GvpW,1.167,NN449_GvpN,1.167,wt_GvpK,1.167,NN457_GvpJ,1.167,NN410_GvpG,1.167,NN458_GvpF,1.167,NN400_GvpA,5.833
G10,puc19,4.937,wt_GvpW,1.167,NN449_GvpN,1.167,wt_GvpK,1.167,NN457_GvpJ,1.167,NN410_GvpG,1.167,NN458_GvpF,1.167,NN400_GvpA,8.75
F10,puc19,0.468,wt_GvpW,1.167,NN449_GvpN,1.167,wt_GvpK,1.167,NN457_GvpJ,1.167,NN410_GvpG,1.167,NN458_GvpF,1.167,NN400_GvpA,10.5
E10,puc19,5.982,wt_GvpW,1.75,NN449_GvpN,1.75,wt_GvpK,1.75,NN457_GvpJ,1.75,NN410_GvpG,1.75,NN458_GvpF,1.75,NN400_GvpA,5.833
D10,puc19,11.342,wt_GvpW,0.583,NN449_GvpN,0.583,wt_GvpK,0.583,NN457_GvpJ,0.583,NN410_GvpG,0.583,NN458_GvpF,0.583,NN400_GvpA,8.75
C10,puc19,3.893,wt_GvpW,0.583,NN449_GvpN,0.583,wt_GvpK,0.583,NN457_GvpJ,0.583,NN410_GvpG,0.583,NN458_GvpF,0.583,NN400_GvpA,11.667
B10,puc19,3.514,wt_GvpW,2.333,NN449_GvpN,2.333,wt_GvpK,0.146,NN457_GvpJ,2.333,NN410_GvpG,2.333,NN458_GvpF,2.333,NN400_GvpA,5.833
A10,puc19,18.791,wt_GvpW,0.583,NN449_GvpN,0.583,wt_GvpK,0.583,NN457_GvpJ,0.583,NN410_GvpG,0.583,NN458_GvpF,0.583,NN400_GvpA,5.833
H11,puc19,23.733,wt_GvpW,0.146,NN449_GvpN,0.146,wt_GvpK,0.146,NN457_GvpJ,0.146,NN410_GvpG,0.146,NN458_GvpF,0.073,NN400_GvpA,5.833
G11,puc19,23.723,wt_GvpW,0.146,NN449_GvpN,0.146,wt_GvpK,0.146,NN457_GvpJ,0.146,NN410_GvpG,0.073,NN458_GvpF,0.146,NN400_GvpA,5.833
F11,puc19,23.721,wt_GvpW,0.146,NN449_GvpN,0.146,wt_GvpK,0.146,NN457_GvpJ,0.073,NN410_GvpG,0.146,NN458_GvpF,0.146,NN400_GvpA,5.833
E11,puc19,23.726,wt_GvpW,0.146,NN449_GvpN,0.146,wt_GvpK,0.073,NN457_GvpJ,0.146,NN410_GvpG,0.146,NN458_GvpF,0.146,NN400_GvpA,5.833
D11,puc19,23.733,wt_GvpW,0.146,NN449_GvpN,0.073,wt_GvpK,0.146,NN457_GvpJ,0.146,NN410_GvpG,0.146,NN458_GvpF,0.146,NN400_GvpA,5.833
C11,puc19,23.732,wt_GvpW,0.073,NN449_GvpN,0.146,wt_GvpK,0.146,NN457_GvpJ,0.146,NN410_GvpG,0.146,NN458_GvpF,0.146,NN400_GvpA,5.833
B11,puc19,23.595,wt_GvpW,0.146,NN449_GvpN,0.146,wt_GvpK,0.146,NN457_GvpJ,0.146,NN410_GvpG,0.146,NN458_GvpF,0.146,NN400_GvpA,5.833
A11,puc19,40.094,wt_GvpW,0,NN449_GvpN,0,wt_GvpK,0,NN457_GvpJ,0,NN410_GvpG,0,NN458_GvpF,0,NN400_GvpA,0
H12,puc19,21.659,wt_GvpW,0.146,NN449_GvpN,0.146,wt_GvpK,0.146,NN457_GvpJ,0.146,NN410_GvpG,0.146,NN458_GvpF,1.167,NN400_GvpA,5.833
G12,puc19,21.795,wt_GvpW,0.146,NN449_GvpN,0.146,wt_GvpK,0.146,NN457_GvpJ,0.146,NN410_GvpG,1.167,NN458_GvpF,0.146,NN400_GvpA,5.833
F12,puc19,21.823,wt_GvpW,0.146,NN449_GvpN,0.146,wt_GvpK,0.146,NN457_GvpJ,1.167,NN410_GvpG,0.146,NN458_GvpF,0.146,NN400_GvpA,5.833
E12,puc19,21.757,wt_GvpW,0.146,NN449_GvpN,0.146,wt_GvpK,1.167,NN457_GvpJ,0.146,NN410_GvpG,0.146,NN458_GvpF,0.146,NN400_GvpA,5.833
D12,puc19,21.65,wt_GvpW,0.146,NN449_GvpN,1.167,wt_GvpK,0.146,NN457_GvpJ,0.146,NN410_GvpG,0.146,NN458_GvpF,0.146,NN400_GvpA,5.833
C12,puc19,21.675,wt_GvpW,1.167,NN449_GvpN,0.146,wt_GvpK,0.146,NN457_GvpJ,0.146,NN410_GvpG,0.146,NN458_GvpF,0.146,NN400_GvpA,5.833
B12,puc19,27.943,wt_GvpW,0.583,NN449_GvpN,0.438,wt_GvpK,0.073,NN457_GvpJ,0.292,NN410_GvpG,0.583,NN458_GvpF,0.583,NN400_GvpA,2.917
A12,puc19,18.791,wt_GvpW,0.583,NN449_GvpN,0.583,wt_GvpK,0.583,NN457_GvpJ,0.583,NN410_GvpG,0.583,NN458_GvpF,0.583,NN400_GvpA,5.833
