Location,Name,Concentration,Length,Units
A1,water,1.0,0,x
A2,water,1.0,0,x
A3,water,1.0,0,x
A4,water,1.0,0,x
A5,water,1.0,0,x
A6,water,1.0,0,x
A7,water,1.0,0,x
A8,water,1.0,0,x
A9,water,1.0,0,x
A10,water,1.0,0,x
A11,water,1.0,0,x
A12,water,1.0,0,x
A13,water,1.0,0,x
A14,water,1.0,0,x
A15,water,1.0,0,x
A16,water,1.0,0,x
A17,water,1.0,0,x
A18,water,1.0,0,x
A19,water,1.0,0,x
A20,water,1.0,0,x
A21,water,1.0,0,x
A22,water,1.0,0,x
A23,water,1.0,0,x
A24,water,1.0,0,x
B1,water,1.0,0,x
B2,m567_GvpA,35.47,0,nM
B3,m567_GvpA,35.47,0,nM
B4,m567_GvpA,35.47,0,nM
B5,m567_GvpA,35.47,0,nM
B6,m163_GvpF_50fmol,16.32,0,nM
B7,water,1.0,0,x
B8,m164_GvpG_50fmol,17.43,0,nM
B9,water,1.0,0,x
B10,m165_GvpJ_50fmol,16.27,0,nM
B11,water,1.0,0,x
B12,m166_GvpK_50fmol,17.08,0,nM
B13,water,1.0,0,x
B14,m167_GvpN_50fmol,15.33,0,nM
B15,water,1.0,0,x
B16,m168_GvpV_50fmol,17.88,0,nM
B17,water,1.0,0,x
B18,m169_GvpW_50fmol,16.23,0,nM
B19,puc19,59.05,0,nM
B20,puc19,59.05,0,nM
B21,water,1.0,0,x
B22,water,1.0,0,x
B23,water,1.0,0,x
B24,water,1.0,0,x
C1,water,1.0,0,x
C2,m567_GvpA,35.47,0,nM
C3,m567_GvpA,35.47,0,nM
C4,m567_GvpA,35.47,0,nM
C5,m567_GvpA,35.47,0,nM
C6,m163_GvpF_50fmol,16.32,0,nM
C7,water,1.0,0,x
C8,m164_GvpG_50fmol,17.43,0,nM
C9,water,1.0,0,x
C10,m165_GvpJ_50fmol,16.27,0,nM
C11,water,1.0,0,x
C12,m166_GvpK_50fmol,17.08,0,nM
C13,water,1.0,0,x
C14,m167_GvpN_50fmol,15.33,0,nM
C15,water,1.0,0,x
C16,m168_GvpV_50fmol,17.88,0,nM
C17,water,1.0,0,x
C18,m169_GvpW_50fmol,16.23,0,nM
C19,puc19,59.05,0,nM
C20,puc19,59.05,0,nM
C21,water,1.0,0,x
C22,water,1.0,0,x
C23,water,1.0,0,x
C24,water,1.0,0,x
D1,water,1.0,0,x
D2,m567_GvpA,35.47,0,nM
D3,m567_GvpA,35.47,0,nM
D4,m567_GvpA,35.47,0,nM
D5,m567_GvpA,35.47,0,nM
D6,m163_GvpF_50fmol,16.32,0,nM
D7,water,1.0,0,x
D8,m164_GvpG_50fmol,17.43,0,nM
D9,water,1.0,0,x
D10,m165_GvpJ_50fmol,16.27,0,nM
D11,water,1.0,0,x
D12,m166_GvpK_50fmol,17.08,0,nM
D13,water,1.0,0,x
D14,m167_GvpN_50fmol,15.33,0,nM
D15,water,1.0,0,x
D16,m168_GvpV_50fmol,17.88,0,nM
D17,water,1.0,0,x
D18,m169_GvpW_50fmol,16.23,0,nM
D19,puc19,59.05,0,nM
D20,water,1.0,0,x
D21,water,1.0,0,x
D22,water,1.0,0,x
D23,water,1.0,0,x
D24,water,1.0,0,x
E1,water,1.0,0,x
E2,m567_GvpA,35.47,0,nM
E3,m567_GvpA,35.47,0,nM
E4,m567_GvpA,35.47,0,nM
E5,m567_GvpA,35.47,0,nM
E6,m163_GvpF_50fmol,16.32,0,nM
E7,water,1.0,0,x
E8,m164_GvpG_50fmol,17.43,0,nM
E9,water,1.0,0,x
E10,m165_GvpJ_50fmol,16.27,0,nM
E11,water,1.0,0,x
E12,m166_GvpK_50fmol,17.08,0,nM
E13,water,1.0,0,x
E14,m167_GvpN_50fmol,15.33,0,nM
E15,water,1.0,0,x
E16,m168_GvpV_50fmol,17.88,0,nM
E17,water,1.0,0,x
E18,m169_GvpW_50fmol,16.23,0,nM
E19,puc19,59.05,0,nM
E20,water,1.0,0,x
E21,water,1.0,0,x
E22,water,1.0,0,x
E23,water,1.0,0,x
E24,water,1.0,0,x
F1,water,1.0,0,x
F2,m567_GvpA,35.47,0,nM
F3,m567_GvpA,35.47,0,nM
F4,m567_GvpA,35.47,0,nM
F5,water,1.0,0,x
F6,m163_GvpF_50fmol,16.32,0,nM
F7,water,1.0,0,x
F8,m164_GvpG_50fmol,17.43,0,nM
F9,water,1.0,0,x
F10,m165_GvpJ_50fmol,16.27,0,nM
F11,water,1.0,0,x
F12,m166_GvpK_50fmol,17.08,0,nM
F13,water,1.0,0,x
F14,m167_GvpN_50fmol,15.33,0,nM
F15,water,1.0,0,x
F16,m168_GvpV_50fmol,17.88,0,nM
F17,water,1.0,0,x
F18,m169_GvpW_50fmol,16.23,0,nM
F19,puc19,59.05,0,nM
F20,water,1.0,0,x
F21,water,1.0,0,x
F22,water,1.0,0,x
F23,water,1.0,0,x
F24,water,1.0,0,x
G1,water,1.0,0,x
G2,m567_GvpA,35.47,0,nM
G3,m567_GvpA,35.47,0,nM
G4,m567_GvpA,35.47,0,nM
G5,water,1.0,0,x
G6,water,1.0,0,x
G7,water,1.0,0,x
G8,water,1.0,0,x
G9,water,1.0,0,x
G10,water,1.0,0,x
G11,water,1.0,0,x
G12,water,1.0,0,x
G13,water,1.0,0,x
G14,water,1.0,0,x
G15,water,1.0,0,x
G16,water,1.0,0,x
G17,water,1.0,0,x
G18,water,1.0,0,x
G19,puc19,59.05,0,nM
G20,water,1.0,0,x
G21,water,1.0,0,x
G22,water,1.0,0,x
G23,water,1.0,0,x
G24,water,1.0,0,x
H1,water,1.0,0,x
H2,m567_GvpA,35.47,0,nM
H3,m567_GvpA,35.47,0,nM
H4,m567_GvpA,35.47,0,nM
H5,water,1.0,0,x
H6,water,1.0,0,x
H7,water,1.0,0,x
H8,water,1.0,0,x
H9,water,1.0,0,x
H10,water,1.0,0,x
H11,water,1.0,0,x
H12,water,1.0,0,x
H13,water,1.0,0,x
H14,water,1.0,0,x
H15,water,1.0,0,x
H16,water,1.0,0,x
H17,water,1.0,0,x
H18,water,1.0,0,x
H19,puc19,59.05,0,nM
H20,water,1.0,0,x
H21,water,1.0,0,x
H22,water,1.0,0,x
H23,water,1.0,0,x
H24,water,1.0,0,x
I1,water,1.0,0,x
I2,m567_GvpA,35.47,0,nM
I3,m567_GvpA,35.47,0,nM
I4,m567_GvpA,35.47,0,nM
I5,water,1.0,0,x
I6,water,1.0,0,x
I7,water,1.0,0,x
I8,water,1.0,0,x
I9,water,1.0,0,x
I10,water,1.0,0,x
I11,water,1.0,0,x
I12,water,1.0,0,x
I13,water,1.0,0,x
I14,water,1.0,0,x
I15,water,1.0,0,x
I16,water,1.0,0,x
I17,water,1.0,0,x
I18,water,1.0,0,x
I19,puc19,59.05,0,nM
I20,water,1.0,0,x
I21,water,1.0,0,x
I22,water,1.0,0,x
I23,water,1.0,0,x
I24,water,1.0,0,x
J1,water,1.0,0,x
J2,m567_GvpA,35.47,0,nM
J3,m567_GvpA,35.47,0,nM
J4,m567_GvpA,35.47,0,nM
J5,water,1.0,0,x
J6,water,1.0,0,x
J7,water,1.0,0,x
J8,water,1.0,0,x
J9,water,1.0,0,x
J10,water,1.0,0,x
J11,water,1.0,0,x
J12,water,1.0,0,x
J13,water,1.0,0,x
J14,water,1.0,0,x
J15,water,1.0,0,x
J16,water,1.0,0,x
J17,water,1.0,0,x
J18,water,1.0,0,x
J19,puc19,59.05,0,nM
J20,water,1.0,0,x
J21,water,1.0,0,x
J22,water,1.0,0,x
J23,water,1.0,0,x
J24,water,1.0,0,x
K1,water,1.0,0,x
K2,m567_GvpA,35.47,0,nM
K3,m567_GvpA,35.47,0,nM
K4,m567_GvpA,35.47,0,nM
K5,water,1.0,0,x
K6,water,1.0,0,x
K7,water,1.0,0,x
K8,water,1.0,0,x
K9,water,1.0,0,x
K10,water,1.0,0,x
K11,water,1.0,0,x
K12,water,1.0,0,x
K13,water,1.0,0,x
K14,water,1.0,0,x
K15,water,1.0,0,x
K16,water,1.0,0,x
K17,water,1.0,0,x
K18,water,1.0,0,x
K19,puc19,59.05,0,nM
K20,water,1.0,0,x
K21,water,1.0,0,x
K22,water,1.0,0,x
K23,water,1.0,0,x
K24,water,1.0,0,x
L1,water,1.0,0,x
L2,m567_GvpA,35.47,0,nM
L3,m567_GvpA,35.47,0,nM
L4,m567_GvpA,35.47,0,nM
L5,water,1.0,0,x
L6,water,1.0,0,x
L7,water,1.0,0,x
L8,water,1.0,0,x
L9,water,1.0,0,x
L10,water,1.0,0,x
L11,water,1.0,0,x
L12,water,1.0,0,x
L13,water,1.0,0,x
L14,water,1.0,0,x
L15,water,1.0,0,x
L16,water,1.0,0,x
L17,water,1.0,0,x
L18,water,1.0,0,x
L19,puc19,59.05,0,nM
L20,water,1.0,0,x
L21,water,1.0,0,x
L22,water,1.0,0,x
L23,water,1.0,0,x
L24,water,1.0,0,x
M1,water,1.0,0,x
M2,m567_GvpA,35.47,0,nM
M3,m567_GvpA,35.47,0,nM
M4,m567_GvpA,35.47,0,nM
M5,water,1.0,0,x
M6,water,1.0,0,x
M7,water,1.0,0,x
M8,water,1.0,0,x
M9,water,1.0,0,x
M10,water,1.0,0,x
M11,water,1.0,0,x
M12,water,1.0,0,x
M13,water,1.0,0,x
M14,water,1.0,0,x
M15,water,1.0,0,x
M16,water,1.0,0,x
M17,water,1.0,0,x
M18,water,1.0,0,x
M19,puc19,59.05,0,nM
M20,water,1.0,0,x
M21,water,1.0,0,x
M22,water,1.0,0,x
M23,water,1.0,0,x
M24,water,1.0,0,x
N1,water,1.0,0,x
N2,m567_GvpA,35.47,0,nM
N3,m567_GvpA,35.47,0,nM
N4,m567_GvpA,35.47,0,nM
N5,water,1.0,0,x
N6,water,1.0,0,x
N7,water,1.0,0,x
N8,water,1.0,0,x
N9,water,1.0,0,x
N10,water,1.0,0,x
N11,water,1.0,0,x
N12,water,1.0,0,x
N13,water,1.0,0,x
N14,water,1.0,0,x
N15,water,1.0,0,x
N16,water,1.0,0,x
N17,water,1.0,0,x
N18,water,1.0,0,x
N19,puc19,59.05,0,nM
N20,water,1.0,0,x
N21,water,1.0,0,x
N22,water,1.0,0,x
N23,water,1.0,0,x
N24,water,1.0,0,x
O1,water,1.0,0,x
O2,m567_GvpA,35.47,0,nM
O3,m567_GvpA,35.47,0,nM
O4,m567_GvpA,35.47,0,nM
O5,water,1.0,0,x
O6,water,1.0,0,x
O7,water,1.0,0,x
O8,water,1.0,0,x
O9,water,1.0,0,x
O10,water,1.0,0,x
O11,water,1.0,0,x
O12,water,1.0,0,x
O13,water,1.0,0,x
O14,water,1.0,0,x
O15,water,1.0,0,x
O16,water,1.0,0,x
O17,water,1.0,0,x
O18,water,1.0,0,x
O19,puc19,59.05,0,nM
O20,water,1.0,0,x
O21,water,1.0,0,x
O22,water,1.0,0,x
O23,water,1.0,0,x
O24,water,1.0,0,x
P1,water,1.0,0,x
P2,water,1.0,0,x
P3,water,1.0,0,x
P4,water,1.0,0,x
P5,water,1.0,0,x
P6,water,1.0,0,x
P7,water,1.0,0,x
P8,water,1.0,0,x
P9,water,1.0,0,x
P10,water,1.0,0,x
P11,water,1.0,0,x
P12,water,1.0,0,x
P13,water,1.0,0,x
P14,water,1.0,0,x
P15,water,1.0,0,x
P16,water,1.0,0,x
P17,water,1.0,0,x
P18,water,1.0,0,x
P19,water,1.0,0,x
P20,water,1.0,0,x
P21,water,1.0,0,x
P22,water,1.0,0,x
P23,water,1.0,0,x
P24,water,1.0,0,x
