Source Plate,Source Plate Type,Source Well,Sample ID,Destination Plate Name,Destination Well,Transfer Volume,Sample Comment
384_source_c1,384PP_AQ_BP,C1,NN400_GvpA,Axygen 96,H1,700,Actual concentration: 5.82
384_source_c1,384PP_AQ_BP,C1,NN400_GvpA,Axygen 96,G1,700,Actual concentration: 5.82
384_source_c1,384PP_AQ_BP,C1,NN400_GvpA,Axygen 96,F1,700,Actual concentration: 5.82
384_source_c1,384PP_AQ_BP,C1,NN400_GvpA,Axygen 96,E1,700,Actual concentration: 5.82
384_source_c1,384PP_AQ_BP,C1,NN400_GvpA,Axygen 96,D1,700,Actual concentration: 5.82
384_source_c1,384PP_AQ_BP,C1,NN400_GvpA,Axygen 96,C1,700,Actual concentration: 5.82
384_source_c1,384PP_AQ_BP,C1,NN400_GvpA,Axygen 96,B1,700,Actual concentration: 5.82
384_source_c1,384PP_AQ_BP,C1,NN400_GvpA,Axygen 96,H2,700,Actual concentration: 5.82
384_source_c1,384PP_AQ_BP,C1,NN400_GvpA,Axygen 96,G2,700,Actual concentration: 5.82
384_source_c1,384PP_AQ_BP,C1,NN400_GvpA,Axygen 96,F2,700,Actual concentration: 5.82
384_source_c1,384PP_AQ_BP,C1,NN400_GvpA,Axygen 96,E2,700,Actual concentration: 5.82
384_source_c1,384PP_AQ_BP,C1,NN400_GvpA,Axygen 96,D2,700,Actual concentration: 5.82
384_source_c1,384PP_AQ_BP,C1,NN400_GvpA,Axygen 96,C2,700,Actual concentration: 5.82
384_source_c1,384PP_AQ_BP,C1,NN400_GvpA,Axygen 96,B2,700,Actual concentration: 5.82
384_source_c1,384PP_AQ_BP,C1,NN400_GvpA,Axygen 96,A2,200,Actual concentration: 1.66
384_source_c1,384PP_AQ_BP,E1,NN400_GvpA,Axygen 96,A2,500,Actual concentration: 4.16
384_source_c1,384PP_AQ_BP,E1,NN400_GvpA,Axygen 96,H3,700,Actual concentration: 5.82
384_source_c1,384PP_AQ_BP,E1,NN400_GvpA,Axygen 96,G3,700,Actual concentration: 5.82
384_source_c1,384PP_AQ_BP,E1,NN400_GvpA,Axygen 96,F3,700,Actual concentration: 5.82
384_source_c1,384PP_AQ_BP,E1,NN400_GvpA,Axygen 96,E3,700,Actual concentration: 5.82
384_source_c1,384PP_AQ_BP,E1,NN400_GvpA,Axygen 96,D3,700,Actual concentration: 5.82
384_source_c1,384PP_AQ_BP,E1,NN400_GvpA,Axygen 96,C3,700,Actual concentration: 5.82
384_source_c1,384PP_AQ_BP,E1,NN400_GvpA,Axygen 96,B3,700,Actual concentration: 5.82
384_source_c1,384PP_AQ_BP,E1,NN400_GvpA,Axygen 96,H4,700,Actual concentration: 5.82
384_source_c1,384PP_AQ_BP,E1,NN400_GvpA,Axygen 96,G4,700,Actual concentration: 5.82
384_source_c1,384PP_AQ_BP,E1,NN400_GvpA,Axygen 96,F4,700,Actual concentration: 5.82
384_source_c1,384PP_AQ_BP,E1,NN400_GvpA,Axygen 96,E4,700,Actual concentration: 5.82
384_source_c1,384PP_AQ_BP,E1,NN400_GvpA,Axygen 96,D4,700,Actual concentration: 5.82
384_source_c1,384PP_AQ_BP,E1,NN400_GvpA,Axygen 96,C4,700,Actual concentration: 5.82
384_source_c1,384PP_AQ_BP,E1,NN400_GvpA,Axygen 96,B4,400,Actual concentration: 3.33
384_source_c1,384PP_AQ_BP,G1,NN400_GvpA,Axygen 96,B4,300,Actual concentration: 2.50
384_source_c1,384PP_AQ_BP,G1,NN400_GvpA,Axygen 96,A4,700,Actual concentration: 5.82
384_source_c1,384PP_AQ_BP,G1,NN400_GvpA,Axygen 96,H5,700,Actual concentration: 5.82
384_source_c1,384PP_AQ_BP,G1,NN400_GvpA,Axygen 96,G5,700,Actual concentration: 5.82
384_source_c1,384PP_AQ_BP,G1,NN400_GvpA,Axygen 96,F5,700,Actual concentration: 5.82
384_source_c1,384PP_AQ_BP,G1,NN400_GvpA,Axygen 96,E5,700,Actual concentration: 5.82
384_source_c1,384PP_AQ_BP,G1,NN400_GvpA,Axygen 96,D5,700,Actual concentration: 5.82
384_source_c1,384PP_AQ_BP,G1,NN400_GvpA,Axygen 96,C5,700,Actual concentration: 5.82
384_source_c1,384PP_AQ_BP,G1,NN400_GvpA,Axygen 96,B5,700,Actual concentration: 5.82
384_source_c1,384PP_AQ_BP,G1,NN400_GvpA,Axygen 96,H6,700,Actual concentration: 5.82
384_source_c1,384PP_AQ_BP,G1,NN400_GvpA,Axygen 96,G6,700,Actual concentration: 5.82
384_source_c1,384PP_AQ_BP,G1,NN400_GvpA,Axygen 96,F6,700,Actual concentration: 5.82
384_source_c1,384PP_AQ_BP,G1,NN400_GvpA,Axygen 96,E6,700,Actual concentration: 5.82
384_source_c1,384PP_AQ_BP,G1,NN400_GvpA,Axygen 96,D6,700,Actual concentration: 5.82
384_source_c1,384PP_AQ_BP,G1,NN400_GvpA,Axygen 96,C6,600,Actual concentration: 4.99
384_source_c1,384PP_AQ_BP,I1,NN400_GvpA,Axygen 96,C6,100,Actual concentration: 0.83
384_source_c1,384PP_AQ_BP,I1,NN400_GvpA,Axygen 96,B6,700,Actual concentration: 5.82
384_source_c1,384PP_AQ_BP,I1,NN400_GvpA,Axygen 96,A6,700,Actual concentration: 5.82
384_source_c1,384PP_AQ_BP,I1,NN400_GvpA,Axygen 96,H7,700,Actual concentration: 5.82
384_source_c1,384PP_AQ_BP,I1,NN400_GvpA,Axygen 96,G7,700,Actual concentration: 5.82
384_source_c1,384PP_AQ_BP,I1,NN400_GvpA,Axygen 96,F7,700,Actual concentration: 5.82
384_source_c1,384PP_AQ_BP,I1,NN400_GvpA,Axygen 96,E7,700,Actual concentration: 5.82
384_source_c1,384PP_AQ_BP,I1,NN400_GvpA,Axygen 96,D7,700,Actual concentration: 5.82
384_source_c1,384PP_AQ_BP,I1,NN400_GvpA,Axygen 96,C7,150,Actual concentration: 1.25
384_source_c1,384PP_AQ_BP,I1,NN400_GvpA,Axygen 96,B7,700,Actual concentration: 5.82
384_source_c1,384PP_AQ_BP,I1,NN400_GvpA,Axygen 96,H8,150,Actual concentration: 1.25
384_source_c1,384PP_AQ_BP,I1,NN400_GvpA,Axygen 96,G8,150,Actual concentration: 1.25
384_source_c1,384PP_AQ_BP,I1,NN400_GvpA,Axygen 96,F8,150,Actual concentration: 1.25
384_source_c1,384PP_AQ_BP,I1,NN400_GvpA,Axygen 96,E8,150,Actual concentration: 1.25
384_source_c1,384PP_AQ_BP,I1,NN400_GvpA,Axygen 96,D8,150,Actual concentration: 1.25
384_source_c1,384PP_AQ_BP,I1,NN400_GvpA,Axygen 96,C8,150,Actual concentration: 1.25
384_source_c1,384PP_AQ_BP,I1,NN400_GvpA,Axygen 96,B8,150,Actual concentration: 1.25
384_source_c1,384PP_AQ_BP,I1,NN400_GvpA,Axygen 96,A8,700,Actual concentration: 5.82
384_source_c1,384PP_AQ_BP,I1,NN400_GvpA,Axygen 96,H9,700,Actual concentration: 5.82
384_source_c1,384PP_AQ_BP,I1,NN400_GvpA,Axygen 96,G9,700,Actual concentration: 5.82
384_source_c1,384PP_AQ_BP,I1,NN400_GvpA,Axygen 96,F9,700,Actual concentration: 5.82
384_source_c1,384PP_AQ_BP,I1,NN400_GvpA,Axygen 96,E9,300,Actual concentration: 2.50
384_source_c1,384PP_AQ_BP,K1,NN400_GvpA,Axygen 96,E9,400,Actual concentration: 3.33
384_source_c1,384PP_AQ_BP,K1,NN400_GvpA,Axygen 96,D9,700,Actual concentration: 5.82
384_source_c1,384PP_AQ_BP,K1,NN400_GvpA,Axygen 96,C9,700,Actual concentration: 5.82
384_source_c1,384PP_AQ_BP,K1,NN400_GvpA,Axygen 96,B9,700,Actual concentration: 5.82
384_source_c1,384PP_AQ_BP,K1,NN400_GvpA,Axygen 96,H10,700,Actual concentration: 5.82
384_source_c1,384PP_AQ_BP,K1,NN400_GvpA,Axygen 96,G10,1050,Actual concentration: 8.73
384_source_c1,384PP_AQ_BP,K1,NN400_GvpA,Axygen 96,F10,1250,Actual concentration: 10.40
384_source_c1,384PP_AQ_BP,K1,NN400_GvpA,Axygen 96,E10,700,Actual concentration: 5.82
384_source_c1,384PP_AQ_BP,K1,NN400_GvpA,Axygen 96,D10,1050,Actual concentration: 8.73
384_source_c1,384PP_AQ_BP,K1,NN400_GvpA,Axygen 96,C10,1400,Actual concentration: 11.65
384_source_c1,384PP_AQ_BP,K1,NN400_GvpA,Axygen 96,B10,700,Actual concentration: 5.82
384_source_c1,384PP_AQ_BP,K1,NN400_GvpA,Axygen 96,A10,650,Actual concentration: 5.41
384_source_c1,384PP_AQ_BP,M1,NN400_GvpA,Axygen 96,A10,50,Actual concentration: 0.42
384_source_c1,384PP_AQ_BP,M1,NN400_GvpA,Axygen 96,H11,700,Actual concentration: 5.82
384_source_c1,384PP_AQ_BP,M1,NN400_GvpA,Axygen 96,G11,700,Actual concentration: 5.82
384_source_c1,384PP_AQ_BP,M1,NN400_GvpA,Axygen 96,F11,700,Actual concentration: 5.82
384_source_c1,384PP_AQ_BP,M1,NN400_GvpA,Axygen 96,E11,700,Actual concentration: 5.82
384_source_c1,384PP_AQ_BP,M1,NN400_GvpA,Axygen 96,D11,700,Actual concentration: 5.82
384_source_c1,384PP_AQ_BP,M1,NN400_GvpA,Axygen 96,C11,700,Actual concentration: 5.82
384_source_c1,384PP_AQ_BP,M1,NN400_GvpA,Axygen 96,B11,700,Actual concentration: 5.82
384_source_c1,384PP_AQ_BP,M1,NN400_GvpA,Axygen 96,H12,700,Actual concentration: 5.82
384_source_c1,384PP_AQ_BP,M1,NN400_GvpA,Axygen 96,G12,700,Actual concentration: 5.82
384_source_c1,384PP_AQ_BP,M1,NN400_GvpA,Axygen 96,F12,700,Actual concentration: 5.82
384_source_c1,384PP_AQ_BP,M1,NN400_GvpA,Axygen 96,E12,700,Actual concentration: 5.82
384_source_c1,384PP_AQ_BP,M1,NN400_GvpA,Axygen 96,D12,700,Actual concentration: 5.82
384_source_c1,384PP_AQ_BP,M1,NN400_GvpA,Axygen 96,C12,700,Actual concentration: 5.82
384_source_c1,384PP_AQ_BP,M1,NN400_GvpA,Axygen 96,B12,350,Actual concentration: 2.91
384_source_c1,384PP_AQ_BP,M1,NN400_GvpA,Axygen 96,A12,500,Actual concentration: 4.16
384_source_c1,384PP_AQ_BP,O1,NN400_GvpA,Axygen 96,A12,200,Actual concentration: 1.66
384_source_c1,384PP_AQ_BP,A3,NN458_GvpF,Axygen 96,H1,550,Actual concentration: 0.58
384_source_c1,384PP_AQ_BP,A3,NN458_GvpF,Axygen 96,G1,150,Actual concentration: 0.16
384_source_c1,384PP_AQ_BP,A3,NN458_GvpF,Axygen 96,F1,150,Actual concentration: 0.16
384_source_c1,384PP_AQ_BP,A3,NN458_GvpF,Axygen 96,E1,150,Actual concentration: 0.16
384_source_c1,384PP_AQ_BP,A3,NN458_GvpF,Axygen 96,D1,150,Actual concentration: 0.16
384_source_c1,384PP_AQ_BP,A3,NN458_GvpF,Axygen 96,C1,150,Actual concentration: 0.16
384_source_c1,384PP_AQ_BP,A3,NN458_GvpF,Axygen 96,B1,150,Actual concentration: 0.16
384_source_c1,384PP_AQ_BP,A3,NN458_GvpF,Axygen 96,H2,550,Actual concentration: 0.58
384_source_c1,384PP_AQ_BP,A3,NN458_GvpF,Axygen 96,G2,550,Actual concentration: 0.58
384_source_c1,384PP_AQ_BP,A3,NN458_GvpF,Axygen 96,F2,550,Actual concentration: 0.58
384_source_c1,384PP_AQ_BP,A3,NN458_GvpF,Axygen 96,E2,550,Actual concentration: 0.58
384_source_c1,384PP_AQ_BP,A3,NN458_GvpF,Axygen 96,D2,550,Actual concentration: 0.58
384_source_c1,384PP_AQ_BP,A3,NN458_GvpF,Axygen 96,C2,150,Actual concentration: 0.16
384_source_c1,384PP_AQ_BP,A3,NN458_GvpF,Axygen 96,B2,150,Actual concentration: 0.16
384_source_c1,384PP_AQ_BP,A3,NN458_GvpF,Axygen 96,A2,550,Actual concentration: 0.58
384_source_c1,384PP_AQ_BP,A3,NN458_GvpF,Axygen 96,H3,150,Actual concentration: 0.16
384_source_c1,384PP_AQ_BP,A3,NN458_GvpF,Axygen 96,G3,150,Actual concentration: 0.16
384_source_c1,384PP_AQ_BP,A3,NN458_GvpF,Axygen 96,F3,150,Actual concentration: 0.16
384_source_c1,384PP_AQ_BP,A3,NN458_GvpF,Axygen 96,E3,150,Actual concentration: 0.16
384_source_c1,384PP_AQ_BP,A3,NN458_GvpF,Axygen 96,D3,150,Actual concentration: 0.16
384_source_c1,384PP_AQ_BP,A3,NN458_GvpF,Axygen 96,C3,150,Actual concentration: 0.16
384_source_c1,384PP_AQ_BP,A3,NN458_GvpF,Axygen 96,B3,150,Actual concentration: 0.16
384_source_c1,384PP_AQ_BP,A3,NN458_GvpF,Axygen 96,H4,150,Actual concentration: 0.16
384_source_c1,384PP_AQ_BP,A3,NN458_GvpF,Axygen 96,G4,150,Actual concentration: 0.16
384_source_c1,384PP_AQ_BP,A3,NN458_GvpF,Axygen 96,F4,550,Actual concentration: 0.58
384_source_c1,384PP_AQ_BP,A3,NN458_GvpF,Axygen 96,E4,550,Actual concentration: 0.58
384_source_c1,384PP_AQ_BP,A3,NN458_GvpF,Axygen 96,D4,550,Actual concentration: 0.58
384_source_c1,384PP_AQ_BP,A3,NN458_GvpF,Axygen 96,C4,550,Actual concentration: 0.58
384_source_c1,384PP_AQ_BP,A3,NN458_GvpF,Axygen 96,B4,550,Actual concentration: 0.58
384_source_c1,384PP_AQ_BP,A3,NN458_GvpF,Axygen 96,A4,550,Actual concentration: 0.58
384_source_c1,384PP_AQ_BP,A3,NN458_GvpF,Axygen 96,H5,300,Actual concentration: 0.32
384_source_c1,384PP_AQ_BP,C3,NN458_GvpF,Axygen 96,H5,250,Actual concentration: 0.26
384_source_c1,384PP_AQ_BP,C3,NN458_GvpF,Axygen 96,G5,550,Actual concentration: 0.58
384_source_c1,384PP_AQ_BP,C3,NN458_GvpF,Axygen 96,F5,550,Actual concentration: 0.58
384_source_c1,384PP_AQ_BP,C3,NN458_GvpF,Axygen 96,E5,550,Actual concentration: 0.58
384_source_c1,384PP_AQ_BP,C3,NN458_GvpF,Axygen 96,D5,550,Actual concentration: 0.58
384_source_c1,384PP_AQ_BP,C3,NN458_GvpF,Axygen 96,C5,150,Actual concentration: 0.16
384_source_c1,384PP_AQ_BP,C3,NN458_GvpF,Axygen 96,B5,150,Actual concentration: 0.16
384_source_c1,384PP_AQ_BP,C3,NN458_GvpF,Axygen 96,H6,150,Actual concentration: 0.16
384_source_c1,384PP_AQ_BP,C3,NN458_GvpF,Axygen 96,G6,150,Actual concentration: 0.16
384_source_c1,384PP_AQ_BP,C3,NN458_GvpF,Axygen 96,F6,150,Actual concentration: 0.16
384_source_c1,384PP_AQ_BP,C3,NN458_GvpF,Axygen 96,E6,150,Actual concentration: 0.16
384_source_c1,384PP_AQ_BP,C3,NN458_GvpF,Axygen 96,D6,150,Actual concentration: 0.16
384_source_c1,384PP_AQ_BP,C3,NN458_GvpF,Axygen 96,C6,150,Actual concentration: 0.16
384_source_c1,384PP_AQ_BP,C3,NN458_GvpF,Axygen 96,B6,150,Actual concentration: 0.16
384_source_c1,384PP_AQ_BP,C3,NN458_GvpF,Axygen 96,A6,550,Actual concentration: 0.58
384_source_c1,384PP_AQ_BP,C3,NN458_GvpF,Axygen 96,H7,150,Actual concentration: 0.16
384_source_c1,384PP_AQ_BP,C3,NN458_GvpF,Axygen 96,G7,150,Actual concentration: 0.16
384_source_c1,384PP_AQ_BP,C3,NN458_GvpF,Axygen 96,F7,550,Actual concentration: 0.58
384_source_c1,384PP_AQ_BP,C3,NN458_GvpF,Axygen 96,E7,550,Actual concentration: 0.58
384_source_c1,384PP_AQ_BP,C3,NN458_GvpF,Axygen 96,D7,550,Actual concentration: 0.58
384_source_c1,384PP_AQ_BP,C3,NN458_GvpF,Axygen 96,C7,150,Actual concentration: 0.16
384_source_c1,384PP_AQ_BP,C3,NN458_GvpF,Axygen 96,B7,150,Actual concentration: 0.16
384_source_c1,384PP_AQ_BP,C3,NN458_GvpF,Axygen 96,H8,550,Actual concentration: 0.58
384_source_c1,384PP_AQ_BP,C3,NN458_GvpF,Axygen 96,G8,150,Actual concentration: 0.16
384_source_c1,384PP_AQ_BP,C3,NN458_GvpF,Axygen 96,F8,150,Actual concentration: 0.16
384_source_c1,384PP_AQ_BP,C3,NN458_GvpF,Axygen 96,E8,150,Actual concentration: 0.16
384_source_c1,384PP_AQ_BP,C3,NN458_GvpF,Axygen 96,D8,150,Actual concentration: 0.16
384_source_c1,384PP_AQ_BP,C3,NN458_GvpF,Axygen 96,C8,150,Actual concentration: 0.16
384_source_c1,384PP_AQ_BP,C3,NN458_GvpF,Axygen 96,B8,550,Actual concentration: 0.58
384_source_c1,384PP_AQ_BP,C3,NN458_GvpF,Axygen 96,A8,550,Actual concentration: 0.58
384_source_c1,384PP_AQ_BP,C3,NN458_GvpF,Axygen 96,G9,550,Actual concentration: 0.58
384_source_c1,384PP_AQ_BP,C3,NN458_GvpF,Axygen 96,F9,450,Actual concentration: 0.47
384_source_c1,384PP_AQ_BP,E3,NN458_GvpF,Axygen 96,F9,100,Actual concentration: 0.11
384_source_c1,384PP_AQ_BP,E3,NN458_GvpF,Axygen 96,E9,550,Actual concentration: 0.58
384_source_c1,384PP_AQ_BP,E3,NN458_GvpF,Axygen 96,D9,550,Actual concentration: 0.58
384_source_c1,384PP_AQ_BP,E3,NN458_GvpF,Axygen 96,C9,550,Actual concentration: 0.58
384_source_c1,384PP_AQ_BP,E3,NN458_GvpF,Axygen 96,B9,150,Actual concentration: 0.16
384_source_c1,384PP_AQ_BP,E3,NN458_GvpF,Axygen 96,H10,1100,Actual concentration: 1.16
384_source_c1,384PP_AQ_BP,E3,NN458_GvpF,Axygen 96,G10,1100,Actual concentration: 1.16
384_source_c1,384PP_AQ_BP,E3,NN458_GvpF,Axygen 96,F10,1100,Actual concentration: 1.16
384_source_c1,384PP_AQ_BP,E3,NN458_GvpF,Axygen 96,E10,1675,Actual concentration: 1.76
384_source_c1,384PP_AQ_BP,E3,NN458_GvpF,Axygen 96,D10,550,Actual concentration: 0.58
384_source_c1,384PP_AQ_BP,E3,NN458_GvpF,Axygen 96,C10,550,Actual concentration: 0.58
384_source_c1,384PP_AQ_BP,E3,NN458_GvpF,Axygen 96,B10,2025,Actual concentration: 2.13
384_source_c1,384PP_AQ_BP,G3,NN458_GvpF,Axygen 96,B10,200,Actual concentration: 0.21
384_source_c1,384PP_AQ_BP,G3,NN458_GvpF,Axygen 96,A10,550,Actual concentration: 0.58
384_source_c1,384PP_AQ_BP,G3,NN458_GvpF,Axygen 96,H11,75,Actual concentration: 0.08
384_source_c1,384PP_AQ_BP,G3,NN458_GvpF,Axygen 96,G11,150,Actual concentration: 0.16
384_source_c1,384PP_AQ_BP,G3,NN458_GvpF,Axygen 96,F11,150,Actual concentration: 0.16
384_source_c1,384PP_AQ_BP,G3,NN458_GvpF,Axygen 96,E11,150,Actual concentration: 0.16
384_source_c1,384PP_AQ_BP,G3,NN458_GvpF,Axygen 96,D11,150,Actual concentration: 0.16
384_source_c1,384PP_AQ_BP,G3,NN458_GvpF,Axygen 96,C11,150,Actual concentration: 0.16
384_source_c1,384PP_AQ_BP,G3,NN458_GvpF,Axygen 96,B11,150,Actual concentration: 0.16
384_source_c1,384PP_AQ_BP,G3,NN458_GvpF,Axygen 96,H12,1100,Actual concentration: 1.16
384_source_c1,384PP_AQ_BP,G3,NN458_GvpF,Axygen 96,G12,150,Actual concentration: 0.16
384_source_c1,384PP_AQ_BP,G3,NN458_GvpF,Axygen 96,F12,150,Actual concentration: 0.16
384_source_c1,384PP_AQ_BP,G3,NN458_GvpF,Axygen 96,E12,150,Actual concentration: 0.16
384_source_c1,384PP_AQ_BP,G3,NN458_GvpF,Axygen 96,D12,150,Actual concentration: 0.16
384_source_c1,384PP_AQ_BP,G3,NN458_GvpF,Axygen 96,C12,150,Actual concentration: 0.16
384_source_c1,384PP_AQ_BP,G3,NN458_GvpF,Axygen 96,B12,550,Actual concentration: 0.58
384_source_c1,384PP_AQ_BP,G3,NN458_GvpF,Axygen 96,A12,550,Actual concentration: 0.58
384_source_c1,384PP_AQ_BP,A5,NN410_GvpG,Axygen 96,H1,175,Actual concentration: 0.15
384_source_c1,384PP_AQ_BP,A5,NN410_GvpG,Axygen 96,G1,675,Actual concentration: 0.59
384_source_c1,384PP_AQ_BP,A5,NN410_GvpG,Axygen 96,F1,175,Actual concentration: 0.15
384_source_c1,384PP_AQ_BP,A5,NN410_GvpG,Axygen 96,E1,175,Actual concentration: 0.15
384_source_c1,384PP_AQ_BP,A5,NN410_GvpG,Axygen 96,D1,175,Actual concentration: 0.15
384_source_c1,384PP_AQ_BP,A5,NN410_GvpG,Axygen 96,C1,175,Actual concentration: 0.15
384_source_c1,384PP_AQ_BP,A5,NN410_GvpG,Axygen 96,B1,175,Actual concentration: 0.15
384_source_c1,384PP_AQ_BP,A5,NN410_GvpG,Axygen 96,H2,675,Actual concentration: 0.59
384_source_c1,384PP_AQ_BP,A5,NN410_GvpG,Axygen 96,G2,175,Actual concentration: 0.15
384_source_c1,384PP_AQ_BP,A5,NN410_GvpG,Axygen 96,F2,175,Actual concentration: 0.15
384_source_c1,384PP_AQ_BP,A5,NN410_GvpG,Axygen 96,E2,175,Actual concentration: 0.15
384_source_c1,384PP_AQ_BP,A5,NN410_GvpG,Axygen 96,D2,175,Actual concentration: 0.15
384_source_c1,384PP_AQ_BP,A5,NN410_GvpG,Axygen 96,C2,675,Actual concentration: 0.59
384_source_c1,384PP_AQ_BP,A5,NN410_GvpG,Axygen 96,B2,675,Actual concentration: 0.59
384_source_c1,384PP_AQ_BP,A5,NN410_GvpG,Axygen 96,A2,675,Actual concentration: 0.59
384_source_c1,384PP_AQ_BP,A5,NN410_GvpG,Axygen 96,H3,675,Actual concentration: 0.59
384_source_c1,384PP_AQ_BP,A5,NN410_GvpG,Axygen 96,G3,675,Actual concentration: 0.59
384_source_c1,384PP_AQ_BP,A5,NN410_GvpG,Axygen 96,F3,175,Actual concentration: 0.15
384_source_c1,384PP_AQ_BP,A5,NN410_GvpG,Axygen 96,E3,175,Actual concentration: 0.15
384_source_c1,384PP_AQ_BP,A5,NN410_GvpG,Axygen 96,D3,175,Actual concentration: 0.15
384_source_c1,384PP_AQ_BP,A5,NN410_GvpG,Axygen 96,C3,175,Actual concentration: 0.15
384_source_c1,384PP_AQ_BP,A5,NN410_GvpG,Axygen 96,B3,175,Actual concentration: 0.15
384_source_c1,384PP_AQ_BP,A5,NN410_GvpG,Axygen 96,H4,175,Actual concentration: 0.15
384_source_c1,384PP_AQ_BP,A5,NN410_GvpG,Axygen 96,G4,175,Actual concentration: 0.15
384_source_c1,384PP_AQ_BP,A5,NN410_GvpG,Axygen 96,F4,675,Actual concentration: 0.59
384_source_c1,384PP_AQ_BP,A5,NN410_GvpG,Axygen 96,E4,675,Actual concentration: 0.59
384_source_c1,384PP_AQ_BP,A5,NN410_GvpG,Axygen 96,D4,675,Actual concentration: 0.59
384_source_c1,384PP_AQ_BP,A5,NN410_GvpG,Axygen 96,C4,275,Actual concentration: 0.24
384_source_c1,384PP_AQ_BP,C5,NN410_GvpG,Axygen 96,C4,400,Actual concentration: 0.35
384_source_c1,384PP_AQ_BP,C5,NN410_GvpG,Axygen 96,B4,175,Actual concentration: 0.15
384_source_c1,384PP_AQ_BP,C5,NN410_GvpG,Axygen 96,A4,675,Actual concentration: 0.59
384_source_c1,384PP_AQ_BP,C5,NN410_GvpG,Axygen 96,H5,175,Actual concentration: 0.15
384_source_c1,384PP_AQ_BP,C5,NN410_GvpG,Axygen 96,G5,175,Actual concentration: 0.15
384_source_c1,384PP_AQ_BP,C5,NN410_GvpG,Axygen 96,F5,175,Actual concentration: 0.15
384_source_c1,384PP_AQ_BP,C5,NN410_GvpG,Axygen 96,E5,175,Actual concentration: 0.15
384_source_c1,384PP_AQ_BP,C5,NN410_GvpG,Axygen 96,D5,175,Actual concentration: 0.15
384_source_c1,384PP_AQ_BP,C5,NN410_GvpG,Axygen 96,C5,675,Actual concentration: 0.59
384_source_c1,384PP_AQ_BP,C5,NN410_GvpG,Axygen 96,B5,175,Actual concentration: 0.15
384_source_c1,384PP_AQ_BP,C5,NN410_GvpG,Axygen 96,H6,675,Actual concentration: 0.59
384_source_c1,384PP_AQ_BP,C5,NN410_GvpG,Axygen 96,G6,675,Actual concentration: 0.59
384_source_c1,384PP_AQ_BP,C5,NN410_GvpG,Axygen 96,F6,675,Actual concentration: 0.59
384_source_c1,384PP_AQ_BP,C5,NN410_GvpG,Axygen 96,E6,675,Actual concentration: 0.59
384_source_c1,384PP_AQ_BP,C5,NN410_GvpG,Axygen 96,D6,675,Actual concentration: 0.59
384_source_c1,384PP_AQ_BP,C5,NN410_GvpG,Axygen 96,C6,175,Actual concentration: 0.15
384_source_c1,384PP_AQ_BP,C5,NN410_GvpG,Axygen 96,B6,175,Actual concentration: 0.15
384_source_c1,384PP_AQ_BP,C5,NN410_GvpG,Axygen 96,A6,675,Actual concentration: 0.59
384_source_c1,384PP_AQ_BP,C5,NN410_GvpG,Axygen 96,H7,175,Actual concentration: 0.15
384_source_c1,384PP_AQ_BP,C5,NN410_GvpG,Axygen 96,G7,175,Actual concentration: 0.15
384_source_c1,384PP_AQ_BP,C5,NN410_GvpG,Axygen 96,F7,675,Actual concentration: 0.59
384_source_c1,384PP_AQ_BP,C5,NN410_GvpG,Axygen 96,E7,675,Actual concentration: 0.59
384_source_c1,384PP_AQ_BP,C5,NN410_GvpG,Axygen 96,D7,675,Actual concentration: 0.59
384_source_c1,384PP_AQ_BP,C5,NN410_GvpG,Axygen 96,C7,175,Actual concentration: 0.15
384_source_c1,384PP_AQ_BP,C5,NN410_GvpG,Axygen 96,B7,75,Actual concentration: 0.07
384_source_c1,384PP_AQ_BP,E5,NN410_GvpG,Axygen 96,B7,100,Actual concentration: 0.09
384_source_c1,384PP_AQ_BP,E5,NN410_GvpG,Axygen 96,H8,175,Actual concentration: 0.15
384_source_c1,384PP_AQ_BP,E5,NN410_GvpG,Axygen 96,G8,675,Actual concentration: 0.59
384_source_c1,384PP_AQ_BP,E5,NN410_GvpG,Axygen 96,F8,175,Actual concentration: 0.15
384_source_c1,384PP_AQ_BP,E5,NN410_GvpG,Axygen 96,E8,175,Actual concentration: 0.15
384_source_c1,384PP_AQ_BP,E5,NN410_GvpG,Axygen 96,D8,175,Actual concentration: 0.15
384_source_c1,384PP_AQ_BP,E5,NN410_GvpG,Axygen 96,C8,175,Actual concentration: 0.15
384_source_c1,384PP_AQ_BP,E5,NN410_GvpG,Axygen 96,B8,675,Actual concentration: 0.59
384_source_c1,384PP_AQ_BP,E5,NN410_GvpG,Axygen 96,A8,675,Actual concentration: 0.59
384_source_c1,384PP_AQ_BP,E5,NN410_GvpG,Axygen 96,H9,675,Actual concentration: 0.59
384_source_c1,384PP_AQ_BP,E5,NN410_GvpG,Axygen 96,F9,675,Actual concentration: 0.59
384_source_c1,384PP_AQ_BP,E5,NN410_GvpG,Axygen 96,E9,675,Actual concentration: 0.59
384_source_c1,384PP_AQ_BP,E5,NN410_GvpG,Axygen 96,D9,675,Actual concentration: 0.59
384_source_c1,384PP_AQ_BP,E5,NN410_GvpG,Axygen 96,C9,675,Actual concentration: 0.59
384_source_c1,384PP_AQ_BP,E5,NN410_GvpG,Axygen 96,B9,175,Actual concentration: 0.15
384_source_c1,384PP_AQ_BP,E5,NN410_GvpG,Axygen 96,H10,1325,Actual concentration: 1.16
384_source_c1,384PP_AQ_BP,E5,NN410_GvpG,Axygen 96,G10,1325,Actual concentration: 1.16
384_source_c1,384PP_AQ_BP,E5,NN410_GvpG,Axygen 96,F10,800,Actual concentration: 0.70
384_source_c1,384PP_AQ_BP,G5,NN410_GvpG,Axygen 96,F10,525,Actual concentration: 0.46
384_source_c1,384PP_AQ_BP,G5,NN410_GvpG,Axygen 96,E10,2000,Actual concentration: 1.75
384_source_c1,384PP_AQ_BP,G5,NN410_GvpG,Axygen 96,D10,675,Actual concentration: 0.59
384_source_c1,384PP_AQ_BP,G5,NN410_GvpG,Axygen 96,C10,675,Actual concentration: 0.59
384_source_c1,384PP_AQ_BP,G5,NN410_GvpG,Axygen 96,B10,2650,Actual concentration: 2.32
384_source_c1,384PP_AQ_BP,G5,NN410_GvpG,Axygen 96,A10,675,Actual concentration: 0.59
384_source_c1,384PP_AQ_BP,G5,NN410_GvpG,Axygen 96,H11,175,Actual concentration: 0.15
384_source_c1,384PP_AQ_BP,G5,NN410_GvpG,Axygen 96,G11,75,Actual concentration: 0.07
384_source_c1,384PP_AQ_BP,G5,NN410_GvpG,Axygen 96,F11,175,Actual concentration: 0.15
384_source_c1,384PP_AQ_BP,G5,NN410_GvpG,Axygen 96,E11,175,Actual concentration: 0.15
384_source_c1,384PP_AQ_BP,G5,NN410_GvpG,Axygen 96,D11,175,Actual concentration: 0.15
384_source_c1,384PP_AQ_BP,G5,NN410_GvpG,Axygen 96,C11,175,Actual concentration: 0.15
384_source_c1,384PP_AQ_BP,G5,NN410_GvpG,Axygen 96,B11,175,Actual concentration: 0.15
384_source_c1,384PP_AQ_BP,G5,NN410_GvpG,Axygen 96,H12,175,Actual concentration: 0.15
384_source_c1,384PP_AQ_BP,G5,NN410_GvpG,Axygen 96,G12,1325,Actual concentration: 1.16
384_source_c1,384PP_AQ_BP,G5,NN410_GvpG,Axygen 96,F12,175,Actual concentration: 0.15
384_source_c1,384PP_AQ_BP,I5,NN410_GvpG,Axygen 96,E12,175,Actual concentration: 0.15
384_source_c1,384PP_AQ_BP,I5,NN410_GvpG,Axygen 96,D12,175,Actual concentration: 0.15
384_source_c1,384PP_AQ_BP,I5,NN410_GvpG,Axygen 96,C12,175,Actual concentration: 0.15
384_source_c1,384PP_AQ_BP,I5,NN410_GvpG,Axygen 96,B12,675,Actual concentration: 0.59
384_source_c1,384PP_AQ_BP,I5,NN410_GvpG,Axygen 96,A12,675,Actual concentration: 0.59
384_source_c1,384PP_AQ_BP,A7,NN457_GvpJ,Axygen 96,H1,125,Actual concentration: 0.14
384_source_c1,384PP_AQ_BP,A7,NN457_GvpJ,Axygen 96,G1,125,Actual concentration: 0.14
384_source_c1,384PP_AQ_BP,A7,NN457_GvpJ,Axygen 96,F1,550,Actual concentration: 0.59
384_source_c1,384PP_AQ_BP,A7,NN457_GvpJ,Axygen 96,E1,125,Actual concentration: 0.14
384_source_c1,384PP_AQ_BP,A7,NN457_GvpJ,Axygen 96,D1,125,Actual concentration: 0.14
384_source_c1,384PP_AQ_BP,A7,NN457_GvpJ,Axygen 96,C1,125,Actual concentration: 0.14
384_source_c1,384PP_AQ_BP,A7,NN457_GvpJ,Axygen 96,B1,125,Actual concentration: 0.14
384_source_c1,384PP_AQ_BP,A7,NN457_GvpJ,Axygen 96,H2,125,Actual concentration: 0.14
384_source_c1,384PP_AQ_BP,A7,NN457_GvpJ,Axygen 96,G2,550,Actual concentration: 0.59
384_source_c1,384PP_AQ_BP,A7,NN457_GvpJ,Axygen 96,F2,125,Actual concentration: 0.14
384_source_c1,384PP_AQ_BP,A7,NN457_GvpJ,Axygen 96,E2,125,Actual concentration: 0.14
384_source_c1,384PP_AQ_BP,A7,NN457_GvpJ,Axygen 96,D2,125,Actual concentration: 0.14
384_source_c1,384PP_AQ_BP,A7,NN457_GvpJ,Axygen 96,C2,550,Actual concentration: 0.59
384_source_c1,384PP_AQ_BP,A7,NN457_GvpJ,Axygen 96,B2,125,Actual concentration: 0.14
384_source_c1,384PP_AQ_BP,A7,NN457_GvpJ,Axygen 96,A2,550,Actual concentration: 0.59
384_source_c1,384PP_AQ_BP,A7,NN457_GvpJ,Axygen 96,H3,125,Actual concentration: 0.14
384_source_c1,384PP_AQ_BP,A7,NN457_GvpJ,Axygen 96,G3,125,Actual concentration: 0.14
384_source_c1,384PP_AQ_BP,A7,NN457_GvpJ,Axygen 96,F3,550,Actual concentration: 0.59
384_source_c1,384PP_AQ_BP,A7,NN457_GvpJ,Axygen 96,E3,550,Actual concentration: 0.59
384_source_c1,384PP_AQ_BP,A7,NN457_GvpJ,Axygen 96,D3,550,Actual concentration: 0.59
384_source_c1,384PP_AQ_BP,A7,NN457_GvpJ,Axygen 96,C3,125,Actual concentration: 0.14
384_source_c1,384PP_AQ_BP,A7,NN457_GvpJ,Axygen 96,B3,125,Actual concentration: 0.14
384_source_c1,384PP_AQ_BP,A7,NN457_GvpJ,Axygen 96,H4,125,Actual concentration: 0.14
384_source_c1,384PP_AQ_BP,A7,NN457_GvpJ,Axygen 96,G4,125,Actual concentration: 0.14
384_source_c1,384PP_AQ_BP,A7,NN457_GvpJ,Axygen 96,F4,550,Actual concentration: 0.59
384_source_c1,384PP_AQ_BP,A7,NN457_GvpJ,Axygen 96,E4,125,Actual concentration: 0.14
384_source_c1,384PP_AQ_BP,A7,NN457_GvpJ,Axygen 96,D4,125,Actual concentration: 0.14
384_source_c1,384PP_AQ_BP,A7,NN457_GvpJ,Axygen 96,C4,125,Actual concentration: 0.14
384_source_c1,384PP_AQ_BP,A7,NN457_GvpJ,Axygen 96,B4,550,Actual concentration: 0.59
384_source_c1,384PP_AQ_BP,A7,NN457_GvpJ,Axygen 96,A4,550,Actual concentration: 0.59
384_source_c1,384PP_AQ_BP,A7,NN457_GvpJ,Axygen 96,H5,550,Actual concentration: 0.59
384_source_c1,384PP_AQ_BP,A7,NN457_GvpJ,Axygen 96,G5,550,Actual concentration: 0.59
384_source_c1,384PP_AQ_BP,A7,NN457_GvpJ,Axygen 96,F5,125,Actual concentration: 0.14
384_source_c1,384PP_AQ_BP,A7,NN457_GvpJ,Axygen 96,E5,125,Actual concentration: 0.14
384_source_c1,384PP_AQ_BP,A7,NN457_GvpJ,Axygen 96,D5,125,Actual concentration: 0.14
384_source_c1,384PP_AQ_BP,A7,NN457_GvpJ,Axygen 96,C5,525,Actual concentration: 0.57
384_source_c1,384PP_AQ_BP,C7,NN457_GvpJ,Axygen 96,C5,25,Actual concentration: 0.03
384_source_c1,384PP_AQ_BP,C7,NN457_GvpJ,Axygen 96,B5,125,Actual concentration: 0.14
384_source_c1,384PP_AQ_BP,C7,NN457_GvpJ,Axygen 96,H6,550,Actual concentration: 0.59
384_source_c1,384PP_AQ_BP,C7,NN457_GvpJ,Axygen 96,G6,550,Actual concentration: 0.59
384_source_c1,384PP_AQ_BP,C7,NN457_GvpJ,Axygen 96,F6,125,Actual concentration: 0.14
384_source_c1,384PP_AQ_BP,C7,NN457_GvpJ,Axygen 96,E6,125,Actual concentration: 0.14
384_source_c1,384PP_AQ_BP,C7,NN457_GvpJ,Axygen 96,D6,125,Actual concentration: 0.14
384_source_c1,384PP_AQ_BP,C7,NN457_GvpJ,Axygen 96,C6,550,Actual concentration: 0.59
384_source_c1,384PP_AQ_BP,C7,NN457_GvpJ,Axygen 96,B6,550,Actual concentration: 0.59
384_source_c1,384PP_AQ_BP,C7,NN457_GvpJ,Axygen 96,A6,550,Actual concentration: 0.59
384_source_c1,384PP_AQ_BP,C7,NN457_GvpJ,Axygen 96,H7,550,Actual concentration: 0.59
384_source_c1,384PP_AQ_BP,C7,NN457_GvpJ,Axygen 96,G7,125,Actual concentration: 0.14
384_source_c1,384PP_AQ_BP,C7,NN457_GvpJ,Axygen 96,F7,275,Actual concentration: 0.30
384_source_c1,384PP_AQ_BP,C7,NN457_GvpJ,Axygen 96,E7,275,Actual concentration: 0.30
384_source_c1,384PP_AQ_BP,C7,NN457_GvpJ,Axygen 96,D7,275,Actual concentration: 0.30
384_source_c1,384PP_AQ_BP,C7,NN457_GvpJ,Axygen 96,C7,125,Actual concentration: 0.14
384_source_c1,384PP_AQ_BP,C7,NN457_GvpJ,Axygen 96,B7,125,Actual concentration: 0.14
384_source_c1,384PP_AQ_BP,C7,NN457_GvpJ,Axygen 96,H8,125,Actual concentration: 0.14
384_source_c1,384PP_AQ_BP,C7,NN457_GvpJ,Axygen 96,G8,125,Actual concentration: 0.14
384_source_c1,384PP_AQ_BP,C7,NN457_GvpJ,Axygen 96,F8,550,Actual concentration: 0.59
384_source_c1,384PP_AQ_BP,C7,NN457_GvpJ,Axygen 96,E8,125,Actual concentration: 0.14
384_source_c1,384PP_AQ_BP,C7,NN457_GvpJ,Axygen 96,D8,125,Actual concentration: 0.14
384_source_c1,384PP_AQ_BP,C7,NN457_GvpJ,Axygen 96,C8,125,Actual concentration: 0.14
384_source_c1,384PP_AQ_BP,C7,NN457_GvpJ,Axygen 96,B8,550,Actual concentration: 0.59
384_source_c1,384PP_AQ_BP,C7,NN457_GvpJ,Axygen 96,A8,550,Actual concentration: 0.59
384_source_c1,384PP_AQ_BP,C7,NN457_GvpJ,Axygen 96,H9,550,Actual concentration: 0.59
384_source_c1,384PP_AQ_BP,C7,NN457_GvpJ,Axygen 96,G9,550,Actual concentration: 0.59
384_source_c1,384PP_AQ_BP,C7,NN457_GvpJ,Axygen 96,E9,550,Actual concentration: 0.59
384_source_c1,384PP_AQ_BP,C7,NN457_GvpJ,Axygen 96,D9,550,Actual concentration: 0.59
384_source_c1,384PP_AQ_BP,C7,NN457_GvpJ,Axygen 96,C9,500,Actual concentration: 0.54
384_source_c1,384PP_AQ_BP,E7,NN457_GvpJ,Axygen 96,C9,50,Actual concentration: 0.05
384_source_c1,384PP_AQ_BP,E7,NN457_GvpJ,Axygen 96,B9,125,Actual concentration: 0.14
384_source_c1,384PP_AQ_BP,E7,NN457_GvpJ,Axygen 96,H10,1075,Actual concentration: 1.16
384_source_c1,384PP_AQ_BP,E7,NN457_GvpJ,Axygen 96,G10,1075,Actual concentration: 1.16
384_source_c1,384PP_AQ_BP,E7,NN457_GvpJ,Axygen 96,F10,1075,Actual concentration: 1.16
384_source_c1,384PP_AQ_BP,E7,NN457_GvpJ,Axygen 96,E10,1625,Actual concentration: 1.76
384_source_c1,384PP_AQ_BP,E7,NN457_GvpJ,Axygen 96,D10,550,Actual concentration: 0.59
384_source_c1,384PP_AQ_BP,E7,NN457_GvpJ,Axygen 96,C10,550,Actual concentration: 0.59
384_source_c1,384PP_AQ_BP,E7,NN457_GvpJ,Axygen 96,B10,2150,Actual concentration: 2.32
384_source_c1,384PP_AQ_BP,E7,NN457_GvpJ,Axygen 96,A10,550,Actual concentration: 0.59
384_source_c1,384PP_AQ_BP,E7,NN457_GvpJ,Axygen 96,H11,125,Actual concentration: 0.14
384_source_c1,384PP_AQ_BP,E7,NN457_GvpJ,Axygen 96,G11,125,Actual concentration: 0.14
384_source_c1,384PP_AQ_BP,E7,NN457_GvpJ,Axygen 96,F11,75,Actual concentration: 0.08
384_source_c1,384PP_AQ_BP,E7,NN457_GvpJ,Axygen 96,E11,125,Actual concentration: 0.14
384_source_c1,384PP_AQ_BP,E7,NN457_GvpJ,Axygen 96,D11,125,Actual concentration: 0.14
384_source_c1,384PP_AQ_BP,E7,NN457_GvpJ,Axygen 96,C11,125,Actual concentration: 0.14
384_source_c1,384PP_AQ_BP,E7,NN457_GvpJ,Axygen 96,B11,125,Actual concentration: 0.14
384_source_c1,384PP_AQ_BP,E7,NN457_GvpJ,Axygen 96,H12,125,Actual concentration: 0.14
384_source_c1,384PP_AQ_BP,E7,NN457_GvpJ,Axygen 96,G12,125,Actual concentration: 0.14
384_source_c1,384PP_AQ_BP,E7,NN457_GvpJ,Axygen 96,F12,100,Actual concentration: 0.11
384_source_c1,384PP_AQ_BP,G7,NN457_GvpJ,Axygen 96,F12,975,Actual concentration: 1.05
384_source_c1,384PP_AQ_BP,G7,NN457_GvpJ,Axygen 96,E12,125,Actual concentration: 0.14
384_source_c1,384PP_AQ_BP,G7,NN457_GvpJ,Axygen 96,D12,125,Actual concentration: 0.14
384_source_c1,384PP_AQ_BP,G7,NN457_GvpJ,Axygen 96,C12,125,Actual concentration: 0.14
384_source_c1,384PP_AQ_BP,G7,NN457_GvpJ,Axygen 96,B12,275,Actual concentration: 0.30
384_source_c1,384PP_AQ_BP,G7,NN457_GvpJ,Axygen 96,A12,550,Actual concentration: 0.59
384_source_c1,384PP_AQ_BP,A9,wt_GvpK,Axygen 96,H1,150,Actual concentration: 0.16
384_source_c1,384PP_AQ_BP,A9,wt_GvpK,Axygen 96,G1,150,Actual concentration: 0.16
384_source_c1,384PP_AQ_BP,A9,wt_GvpK,Axygen 96,F1,150,Actual concentration: 0.16
384_source_c1,384PP_AQ_BP,A9,wt_GvpK,Axygen 96,E1,550,Actual concentration: 0.57
384_source_c1,384PP_AQ_BP,A9,wt_GvpK,Axygen 96,D1,150,Actual concentration: 0.16
384_source_c1,384PP_AQ_BP,A9,wt_GvpK,Axygen 96,C1,150,Actual concentration: 0.16
384_source_c1,384PP_AQ_BP,A9,wt_GvpK,Axygen 96,B1,150,Actual concentration: 0.16
384_source_c1,384PP_AQ_BP,A9,wt_GvpK,Axygen 96,H2,150,Actual concentration: 0.16
384_source_c1,384PP_AQ_BP,A9,wt_GvpK,Axygen 96,G2,150,Actual concentration: 0.16
384_source_c1,384PP_AQ_BP,A9,wt_GvpK,Axygen 96,F2,550,Actual concentration: 0.57
384_source_c1,384PP_AQ_BP,A9,wt_GvpK,Axygen 96,E2,150,Actual concentration: 0.16
384_source_c1,384PP_AQ_BP,A9,wt_GvpK,Axygen 96,D2,150,Actual concentration: 0.16
384_source_c1,384PP_AQ_BP,A9,wt_GvpK,Axygen 96,C2,150,Actual concentration: 0.16
384_source_c1,384PP_AQ_BP,A9,wt_GvpK,Axygen 96,B2,550,Actual concentration: 0.57
384_source_c1,384PP_AQ_BP,A9,wt_GvpK,Axygen 96,A2,550,Actual concentration: 0.57
384_source_c1,384PP_AQ_BP,A9,wt_GvpK,Axygen 96,H3,150,Actual concentration: 0.16
384_source_c1,384PP_AQ_BP,A9,wt_GvpK,Axygen 96,G3,150,Actual concentration: 0.16
384_source_c1,384PP_AQ_BP,A9,wt_GvpK,Axygen 96,F3,550,Actual concentration: 0.57
384_source_c1,384PP_AQ_BP,A9,wt_GvpK,Axygen 96,E3,150,Actual concentration: 0.16
384_source_c1,384PP_AQ_BP,A9,wt_GvpK,Axygen 96,D3,150,Actual concentration: 0.16
384_source_c1,384PP_AQ_BP,A9,wt_GvpK,Axygen 96,C3,550,Actual concentration: 0.57
384_source_c1,384PP_AQ_BP,A9,wt_GvpK,Axygen 96,B3,150,Actual concentration: 0.16
384_source_c1,384PP_AQ_BP,A9,wt_GvpK,Axygen 96,H4,550,Actual concentration: 0.57
384_source_c1,384PP_AQ_BP,A9,wt_GvpK,Axygen 96,G4,150,Actual concentration: 0.16
384_source_c1,384PP_AQ_BP,A9,wt_GvpK,Axygen 96,F4,150,Actual concentration: 0.16
384_source_c1,384PP_AQ_BP,A9,wt_GvpK,Axygen 96,E4,550,Actual concentration: 0.57
384_source_c1,384PP_AQ_BP,A9,wt_GvpK,Axygen 96,D4,150,Actual concentration: 0.16
384_source_c1,384PP_AQ_BP,A9,wt_GvpK,Axygen 96,C4,150,Actual concentration: 0.16
384_source_c1,384PP_AQ_BP,A9,wt_GvpK,Axygen 96,B4,550,Actual concentration: 0.57
384_source_c1,384PP_AQ_BP,A9,wt_GvpK,Axygen 96,A4,550,Actual concentration: 0.57
384_source_c1,384PP_AQ_BP,A9,wt_GvpK,Axygen 96,H5,150,Actual concentration: 0.16
384_source_c1,384PP_AQ_BP,A9,wt_GvpK,Axygen 96,G5,150,Actual concentration: 0.16
384_source_c1,384PP_AQ_BP,A9,wt_GvpK,Axygen 96,F5,550,Actual concentration: 0.57
384_source_c1,384PP_AQ_BP,A9,wt_GvpK,Axygen 96,E5,550,Actual concentration: 0.57
384_source_c1,384PP_AQ_BP,A9,wt_GvpK,Axygen 96,D5,100,Actual concentration: 0.10
384_source_c1,384PP_AQ_BP,C9,wt_GvpK,Axygen 96,D5,50,Actual concentration: 0.05
384_source_c1,384PP_AQ_BP,C9,wt_GvpK,Axygen 96,C5,550,Actual concentration: 0.57
384_source_c1,384PP_AQ_BP,C9,wt_GvpK,Axygen 96,B5,150,Actual concentration: 0.16
384_source_c1,384PP_AQ_BP,C9,wt_GvpK,Axygen 96,H6,150,Actual concentration: 0.16
384_source_c1,384PP_AQ_BP,C9,wt_GvpK,Axygen 96,G6,150,Actual concentration: 0.16
384_source_c1,384PP_AQ_BP,C9,wt_GvpK,Axygen 96,F6,550,Actual concentration: 0.57
384_source_c1,384PP_AQ_BP,C9,wt_GvpK,Axygen 96,E6,550,Actual concentration: 0.57
384_source_c1,384PP_AQ_BP,C9,wt_GvpK,Axygen 96,D6,150,Actual concentration: 0.16
384_source_c1,384PP_AQ_BP,C9,wt_GvpK,Axygen 96,C6,550,Actual concentration: 0.57
384_source_c1,384PP_AQ_BP,C9,wt_GvpK,Axygen 96,B6,550,Actual concentration: 0.57
384_source_c1,384PP_AQ_BP,C9,wt_GvpK,Axygen 96,A6,550,Actual concentration: 0.57
384_source_c1,384PP_AQ_BP,C9,wt_GvpK,Axygen 96,H7,150,Actual concentration: 0.16
384_source_c1,384PP_AQ_BP,C9,wt_GvpK,Axygen 96,G7,550,Actual concentration: 0.57
384_source_c1,384PP_AQ_BP,C9,wt_GvpK,Axygen 96,F7,75,Actual concentration: 0.08
384_source_c1,384PP_AQ_BP,C9,wt_GvpK,Axygen 96,E7,75,Actual concentration: 0.08
384_source_c1,384PP_AQ_BP,C9,wt_GvpK,Axygen 96,D7,75,Actual concentration: 0.08
384_source_c1,384PP_AQ_BP,C9,wt_GvpK,Axygen 96,C7,150,Actual concentration: 0.16
384_source_c1,384PP_AQ_BP,C9,wt_GvpK,Axygen 96,B7,150,Actual concentration: 0.16
384_source_c1,384PP_AQ_BP,C9,wt_GvpK,Axygen 96,H8,150,Actual concentration: 0.16
384_source_c1,384PP_AQ_BP,C9,wt_GvpK,Axygen 96,G8,150,Actual concentration: 0.16
384_source_c1,384PP_AQ_BP,C9,wt_GvpK,Axygen 96,F8,150,Actual concentration: 0.16
384_source_c1,384PP_AQ_BP,C9,wt_GvpK,Axygen 96,E8,550,Actual concentration: 0.57
384_source_c1,384PP_AQ_BP,C9,wt_GvpK,Axygen 96,D8,150,Actual concentration: 0.16
384_source_c1,384PP_AQ_BP,C9,wt_GvpK,Axygen 96,C8,150,Actual concentration: 0.16
384_source_c1,384PP_AQ_BP,C9,wt_GvpK,Axygen 96,B8,550,Actual concentration: 0.57
384_source_c1,384PP_AQ_BP,C9,wt_GvpK,Axygen 96,A8,550,Actual concentration: 0.57
384_source_c1,384PP_AQ_BP,C9,wt_GvpK,Axygen 96,H9,550,Actual concentration: 0.57
384_source_c1,384PP_AQ_BP,C9,wt_GvpK,Axygen 96,G9,550,Actual concentration: 0.57
384_source_c1,384PP_AQ_BP,C9,wt_GvpK,Axygen 96,F9,550,Actual concentration: 0.57
384_source_c1,384PP_AQ_BP,C9,wt_GvpK,Axygen 96,D9,550,Actual concentration: 0.57
384_source_c1,384PP_AQ_BP,C9,wt_GvpK,Axygen 96,C9,225,Actual concentration: 0.23
384_source_c1,384PP_AQ_BP,E9,wt_GvpK,Axygen 96,C9,325,Actual concentration: 0.34
384_source_c1,384PP_AQ_BP,E9,wt_GvpK,Axygen 96,B9,150,Actual concentration: 0.16
384_source_c1,384PP_AQ_BP,E9,wt_GvpK,Axygen 96,H10,1125,Actual concentration: 1.17
384_source_c1,384PP_AQ_BP,E9,wt_GvpK,Axygen 96,G10,1125,Actual concentration: 1.17
384_source_c1,384PP_AQ_BP,E9,wt_GvpK,Axygen 96,F10,1125,Actual concentration: 1.17
384_source_c1,384PP_AQ_BP,E9,wt_GvpK,Axygen 96,E10,1675,Actual concentration: 1.74
384_source_c1,384PP_AQ_BP,E9,wt_GvpK,Axygen 96,D10,550,Actual concentration: 0.57
384_source_c1,384PP_AQ_BP,E9,wt_GvpK,Axygen 96,C10,550,Actual concentration: 0.57
384_source_c1,384PP_AQ_BP,E9,wt_GvpK,Axygen 96,B10,150,Actual concentration: 0.16
384_source_c1,384PP_AQ_BP,E9,wt_GvpK,Axygen 96,A10,550,Actual concentration: 0.57
384_source_c1,384PP_AQ_BP,E9,wt_GvpK,Axygen 96,H11,150,Actual concentration: 0.16
384_source_c1,384PP_AQ_BP,E9,wt_GvpK,Axygen 96,G11,150,Actual concentration: 0.16
384_source_c1,384PP_AQ_BP,E9,wt_GvpK,Axygen 96,F11,150,Actual concentration: 0.16
384_source_c1,384PP_AQ_BP,E9,wt_GvpK,Axygen 96,E11,75,Actual concentration: 0.08
384_source_c1,384PP_AQ_BP,E9,wt_GvpK,Axygen 96,D11,150,Actual concentration: 0.16
384_source_c1,384PP_AQ_BP,E9,wt_GvpK,Axygen 96,C11,150,Actual concentration: 0.16
384_source_c1,384PP_AQ_BP,E9,wt_GvpK,Axygen 96,B11,150,Actual concentration: 0.16
384_source_c1,384PP_AQ_BP,E9,wt_GvpK,Axygen 96,H12,150,Actual concentration: 0.16
384_source_c1,384PP_AQ_BP,E9,wt_GvpK,Axygen 96,G12,150,Actual concentration: 0.16
384_source_c1,384PP_AQ_BP,E9,wt_GvpK,Axygen 96,F12,150,Actual concentration: 0.16
384_source_c1,384PP_AQ_BP,E9,wt_GvpK,Axygen 96,E12,1125,Actual concentration: 1.17
384_source_c1,384PP_AQ_BP,E9,wt_GvpK,Axygen 96,D12,125,Actual concentration: 0.13
384_source_c1,384PP_AQ_BP,G9,wt_GvpK,Axygen 96,D12,25,Actual concentration: 0.03
384_source_c1,384PP_AQ_BP,G9,wt_GvpK,Axygen 96,C12,150,Actual concentration: 0.16
384_source_c1,384PP_AQ_BP,G9,wt_GvpK,Axygen 96,B12,75,Actual concentration: 0.08
384_source_c1,384PP_AQ_BP,G9,wt_GvpK,Axygen 96,A12,550,Actual concentration: 0.57
384_source_c1,384PP_AQ_BP,A11,NN449_GvpN,Axygen 96,H1,175,Actual concentration: 0.14
384_source_c1,384PP_AQ_BP,A11,NN449_GvpN,Axygen 96,G1,175,Actual concentration: 0.14
384_source_c1,384PP_AQ_BP,A11,NN449_GvpN,Axygen 96,F1,175,Actual concentration: 0.14
384_source_c1,384PP_AQ_BP,A11,NN449_GvpN,Axygen 96,E1,175,Actual concentration: 0.14
384_source_c1,384PP_AQ_BP,A11,NN449_GvpN,Axygen 96,D1,725,Actual concentration: 0.58
384_source_c1,384PP_AQ_BP,A11,NN449_GvpN,Axygen 96,C1,175,Actual concentration: 0.14
384_source_c1,384PP_AQ_BP,A11,NN449_GvpN,Axygen 96,B1,175,Actual concentration: 0.14
384_source_c1,384PP_AQ_BP,A11,NN449_GvpN,Axygen 96,H2,175,Actual concentration: 0.14
384_source_c1,384PP_AQ_BP,A11,NN449_GvpN,Axygen 96,G2,175,Actual concentration: 0.14
384_source_c1,384PP_AQ_BP,A11,NN449_GvpN,Axygen 96,F2,175,Actual concentration: 0.14
384_source_c1,384PP_AQ_BP,A11,NN449_GvpN,Axygen 96,E2,725,Actual concentration: 0.58
384_source_c1,384PP_AQ_BP,A11,NN449_GvpN,Axygen 96,D2,175,Actual concentration: 0.14
384_source_c1,384PP_AQ_BP,A11,NN449_GvpN,Axygen 96,C2,175,Actual concentration: 0.14
384_source_c1,384PP_AQ_BP,A11,NN449_GvpN,Axygen 96,B2,175,Actual concentration: 0.14
384_source_c1,384PP_AQ_BP,A11,NN449_GvpN,Axygen 96,A2,725,Actual concentration: 0.58
384_source_c1,384PP_AQ_BP,A11,NN449_GvpN,Axygen 96,H3,725,Actual concentration: 0.58
384_source_c1,384PP_AQ_BP,A11,NN449_GvpN,Axygen 96,G3,175,Actual concentration: 0.14
384_source_c1,384PP_AQ_BP,A11,NN449_GvpN,Axygen 96,F3,175,Actual concentration: 0.14
384_source_c1,384PP_AQ_BP,A11,NN449_GvpN,Axygen 96,E3,725,Actual concentration: 0.58
384_source_c1,384PP_AQ_BP,A11,NN449_GvpN,Axygen 96,D3,175,Actual concentration: 0.14
384_source_c1,384PP_AQ_BP,A11,NN449_GvpN,Axygen 96,C3,725,Actual concentration: 0.58
384_source_c1,384PP_AQ_BP,A11,NN449_GvpN,Axygen 96,B3,175,Actual concentration: 0.14
384_source_c1,384PP_AQ_BP,A11,NN449_GvpN,Axygen 96,H4,175,Actual concentration: 0.14
384_source_c1,384PP_AQ_BP,A11,NN449_GvpN,Axygen 96,G4,725,Actual concentration: 0.58
384_source_c1,384PP_AQ_BP,A11,NN449_GvpN,Axygen 96,F4,175,Actual concentration: 0.14
384_source_c1,384PP_AQ_BP,A11,NN449_GvpN,Axygen 96,E4,175,Actual concentration: 0.14
384_source_c1,384PP_AQ_BP,A11,NN449_GvpN,Axygen 96,D4,725,Actual concentration: 0.58
384_source_c1,384PP_AQ_BP,A11,NN449_GvpN,Axygen 96,C4,175,Actual concentration: 0.14
384_source_c1,384PP_AQ_BP,A11,NN449_GvpN,Axygen 96,B4,175,Actual concentration: 0.14
384_source_c1,384PP_AQ_BP,A11,NN449_GvpN,Axygen 96,A4,525,Actual concentration: 0.42
384_source_c1,384PP_AQ_BP,C11,NN449_GvpN,Axygen 96,A4,200,Actual concentration: 0.16
384_source_c1,384PP_AQ_BP,C11,NN449_GvpN,Axygen 96,H5,725,Actual concentration: 0.58
384_source_c1,384PP_AQ_BP,C11,NN449_GvpN,Axygen 96,G5,175,Actual concentration: 0.14
384_source_c1,384PP_AQ_BP,C11,NN449_GvpN,Axygen 96,F5,725,Actual concentration: 0.58
384_source_c1,384PP_AQ_BP,C11,NN449_GvpN,Axygen 96,E5,175,Actual concentration: 0.14
384_source_c1,384PP_AQ_BP,C11,NN449_GvpN,Axygen 96,D5,725,Actual concentration: 0.58
384_source_c1,384PP_AQ_BP,C11,NN449_GvpN,Axygen 96,C5,175,Actual concentration: 0.14
384_source_c1,384PP_AQ_BP,C11,NN449_GvpN,Axygen 96,B5,175,Actual concentration: 0.14
384_source_c1,384PP_AQ_BP,C11,NN449_GvpN,Axygen 96,H6,725,Actual concentration: 0.58
384_source_c1,384PP_AQ_BP,C11,NN449_GvpN,Axygen 96,G6,175,Actual concentration: 0.14
384_source_c1,384PP_AQ_BP,C11,NN449_GvpN,Axygen 96,F6,725,Actual concentration: 0.58
384_source_c1,384PP_AQ_BP,C11,NN449_GvpN,Axygen 96,E6,175,Actual concentration: 0.14
384_source_c1,384PP_AQ_BP,C11,NN449_GvpN,Axygen 96,D6,725,Actual concentration: 0.58
384_source_c1,384PP_AQ_BP,C11,NN449_GvpN,Axygen 96,C6,725,Actual concentration: 0.58
384_source_c1,384PP_AQ_BP,C11,NN449_GvpN,Axygen 96,B6,175,Actual concentration: 0.14
384_source_c1,384PP_AQ_BP,C11,NN449_GvpN,Axygen 96,A6,725,Actual concentration: 0.58
384_source_c1,384PP_AQ_BP,C11,NN449_GvpN,Axygen 96,H7,725,Actual concentration: 0.58
384_source_c1,384PP_AQ_BP,C11,NN449_GvpN,Axygen 96,G7,725,Actual concentration: 0.58
384_source_c1,384PP_AQ_BP,C11,NN449_GvpN,Axygen 96,F7,175,Actual concentration: 0.14
384_source_c1,384PP_AQ_BP,C11,NN449_GvpN,Axygen 96,E7,375,Actual concentration: 0.30
384_source_c1,384PP_AQ_BP,C11,NN449_GvpN,Axygen 96,D7,725,Actual concentration: 0.58
384_source_c1,384PP_AQ_BP,C11,NN449_GvpN,Axygen 96,C7,50,Actual concentration: 0.04
384_source_c1,384PP_AQ_BP,E11,NN449_GvpN,Axygen 96,C7,125,Actual concentration: 0.10
384_source_c1,384PP_AQ_BP,E11,NN449_GvpN,Axygen 96,B7,175,Actual concentration: 0.14
384_source_c1,384PP_AQ_BP,E11,NN449_GvpN,Axygen 96,H8,175,Actual concentration: 0.14
384_source_c1,384PP_AQ_BP,E11,NN449_GvpN,Axygen 96,G8,175,Actual concentration: 0.14
384_source_c1,384PP_AQ_BP,E11,NN449_GvpN,Axygen 96,F8,175,Actual concentration: 0.14
384_source_c1,384PP_AQ_BP,E11,NN449_GvpN,Axygen 96,E8,175,Actual concentration: 0.14
384_source_c1,384PP_AQ_BP,E11,NN449_GvpN,Axygen 96,D8,725,Actual concentration: 0.58
384_source_c1,384PP_AQ_BP,E11,NN449_GvpN,Axygen 96,C8,175,Actual concentration: 0.14
384_source_c1,384PP_AQ_BP,E11,NN449_GvpN,Axygen 96,B8,725,Actual concentration: 0.58
384_source_c1,384PP_AQ_BP,E11,NN449_GvpN,Axygen 96,A8,725,Actual concentration: 0.58
384_source_c1,384PP_AQ_BP,E11,NN449_GvpN,Axygen 96,H9,725,Actual concentration: 0.58
384_source_c1,384PP_AQ_BP,E11,NN449_GvpN,Axygen 96,G9,725,Actual concentration: 0.58
384_source_c1,384PP_AQ_BP,E11,NN449_GvpN,Axygen 96,F9,725,Actual concentration: 0.58
384_source_c1,384PP_AQ_BP,E11,NN449_GvpN,Axygen 96,E9,725,Actual concentration: 0.58
384_source_c1,384PP_AQ_BP,E11,NN449_GvpN,Axygen 96,C9,725,Actual concentration: 0.58
384_source_c1,384PP_AQ_BP,E11,NN449_GvpN,Axygen 96,B9,175,Actual concentration: 0.14
384_source_c1,384PP_AQ_BP,E11,NN449_GvpN,Axygen 96,H10,1475,Actual concentration: 1.18
384_source_c1,384PP_AQ_BP,E11,NN449_GvpN,Axygen 96,G10,1375,Actual concentration: 1.10
384_source_c1,384PP_AQ_BP,G11,NN449_GvpN,Axygen 96,G10,100,Actual concentration: 0.08
384_source_c1,384PP_AQ_BP,G11,NN449_GvpN,Axygen 96,F10,1475,Actual concentration: 1.18
384_source_c1,384PP_AQ_BP,G11,NN449_GvpN,Axygen 96,E10,2200,Actual concentration: 1.76
384_source_c1,384PP_AQ_BP,G11,NN449_GvpN,Axygen 96,D10,725,Actual concentration: 0.58
384_source_c1,384PP_AQ_BP,G11,NN449_GvpN,Axygen 96,C10,725,Actual concentration: 0.58
384_source_c1,384PP_AQ_BP,G11,NN449_GvpN,Axygen 96,B10,2925,Actual concentration: 2.33
384_source_c1,384PP_AQ_BP,G11,NN449_GvpN,Axygen 96,A10,725,Actual concentration: 0.58
384_source_c1,384PP_AQ_BP,G11,NN449_GvpN,Axygen 96,H11,175,Actual concentration: 0.14
384_source_c1,384PP_AQ_BP,G11,NN449_GvpN,Axygen 96,G11,175,Actual concentration: 0.14
384_source_c1,384PP_AQ_BP,G11,NN449_GvpN,Axygen 96,F11,175,Actual concentration: 0.14
384_source_c1,384PP_AQ_BP,G11,NN449_GvpN,Axygen 96,E11,175,Actual concentration: 0.14
384_source_c1,384PP_AQ_BP,G11,NN449_GvpN,Axygen 96,D11,100,Actual concentration: 0.08
384_source_c1,384PP_AQ_BP,G11,NN449_GvpN,Axygen 96,C11,175,Actual concentration: 0.14
384_source_c1,384PP_AQ_BP,G11,NN449_GvpN,Axygen 96,B11,150,Actual concentration: 0.12
384_source_c1,384PP_AQ_BP,I11,NN449_GvpN,Axygen 96,B11,25,Actual concentration: 0.02
384_source_c1,384PP_AQ_BP,I11,NN449_GvpN,Axygen 96,H12,175,Actual concentration: 0.14
384_source_c1,384PP_AQ_BP,I11,NN449_GvpN,Axygen 96,G12,175,Actual concentration: 0.14
384_source_c1,384PP_AQ_BP,I11,NN449_GvpN,Axygen 96,F12,175,Actual concentration: 0.14
384_source_c1,384PP_AQ_BP,I11,NN449_GvpN,Axygen 96,E12,175,Actual concentration: 0.14
384_source_c1,384PP_AQ_BP,I11,NN449_GvpN,Axygen 96,D12,1475,Actual concentration: 1.18
384_source_c1,384PP_AQ_BP,I11,NN449_GvpN,Axygen 96,C12,175,Actual concentration: 0.14
384_source_c1,384PP_AQ_BP,I11,NN449_GvpN,Axygen 96,B12,550,Actual concentration: 0.44
384_source_c1,384PP_AQ_BP,I11,NN449_GvpN,Axygen 96,A12,725,Actual concentration: 0.58
384_source_c1,384PP_AQ_BP,A13,wt_GvpW,Axygen 96,H1,125,Actual concentration: 0.14
384_source_c1,384PP_AQ_BP,A13,wt_GvpW,Axygen 96,G1,125,Actual concentration: 0.14
384_source_c1,384PP_AQ_BP,A13,wt_GvpW,Axygen 96,F1,125,Actual concentration: 0.14
384_source_c1,384PP_AQ_BP,A13,wt_GvpW,Axygen 96,E1,125,Actual concentration: 0.14
384_source_c1,384PP_AQ_BP,A13,wt_GvpW,Axygen 96,D1,125,Actual concentration: 0.14
384_source_c1,384PP_AQ_BP,A13,wt_GvpW,Axygen 96,C1,525,Actual concentration: 0.57
384_source_c1,384PP_AQ_BP,A13,wt_GvpW,Axygen 96,B1,125,Actual concentration: 0.14
384_source_c1,384PP_AQ_BP,A13,wt_GvpW,Axygen 96,H2,125,Actual concentration: 0.14
384_source_c1,384PP_AQ_BP,A13,wt_GvpW,Axygen 96,G2,125,Actual concentration: 0.14
384_source_c1,384PP_AQ_BP,A13,wt_GvpW,Axygen 96,F2,125,Actual concentration: 0.14
384_source_c1,384PP_AQ_BP,A13,wt_GvpW,Axygen 96,E2,125,Actual concentration: 0.14
384_source_c1,384PP_AQ_BP,A13,wt_GvpW,Axygen 96,D2,525,Actual concentration: 0.57
384_source_c1,384PP_AQ_BP,A13,wt_GvpW,Axygen 96,C2,125,Actual concentration: 0.14
384_source_c1,384PP_AQ_BP,A13,wt_GvpW,Axygen 96,B2,125,Actual concentration: 0.14
384_source_c1,384PP_AQ_BP,A13,wt_GvpW,Axygen 96,A2,525,Actual concentration: 0.57
384_source_c1,384PP_AQ_BP,A13,wt_GvpW,Axygen 96,H3,125,Actual concentration: 0.14
384_source_c1,384PP_AQ_BP,A13,wt_GvpW,Axygen 96,G3,525,Actual concentration: 0.57
384_source_c1,384PP_AQ_BP,A13,wt_GvpW,Axygen 96,F3,125,Actual concentration: 0.14
384_source_c1,384PP_AQ_BP,A13,wt_GvpW,Axygen 96,E3,125,Actual concentration: 0.14
384_source_c1,384PP_AQ_BP,A13,wt_GvpW,Axygen 96,D3,525,Actual concentration: 0.57
384_source_c1,384PP_AQ_BP,A13,wt_GvpW,Axygen 96,C3,125,Actual concentration: 0.14
384_source_c1,384PP_AQ_BP,A13,wt_GvpW,Axygen 96,B3,125,Actual concentration: 0.14
384_source_c1,384PP_AQ_BP,A13,wt_GvpW,Axygen 96,H4,525,Actual concentration: 0.57
384_source_c1,384PP_AQ_BP,A13,wt_GvpW,Axygen 96,G4,525,Actual concentration: 0.57
384_source_c1,384PP_AQ_BP,A13,wt_GvpW,Axygen 96,F4,125,Actual concentration: 0.14
384_source_c1,384PP_AQ_BP,A13,wt_GvpW,Axygen 96,E4,125,Actual concentration: 0.14
384_source_c1,384PP_AQ_BP,A13,wt_GvpW,Axygen 96,D4,125,Actual concentration: 0.14
384_source_c1,384PP_AQ_BP,A13,wt_GvpW,Axygen 96,C4,525,Actual concentration: 0.57
384_source_c1,384PP_AQ_BP,A13,wt_GvpW,Axygen 96,B4,125,Actual concentration: 0.14
384_source_c1,384PP_AQ_BP,A13,wt_GvpW,Axygen 96,A4,525,Actual concentration: 0.57
384_source_c1,384PP_AQ_BP,A13,wt_GvpW,Axygen 96,H5,125,Actual concentration: 0.14
384_source_c1,384PP_AQ_BP,A13,wt_GvpW,Axygen 96,G5,525,Actual concentration: 0.57
384_source_c1,384PP_AQ_BP,A13,wt_GvpW,Axygen 96,F5,125,Actual concentration: 0.14
384_source_c1,384PP_AQ_BP,A13,wt_GvpW,Axygen 96,E5,525,Actual concentration: 0.57
384_source_c1,384PP_AQ_BP,A13,wt_GvpW,Axygen 96,D5,525,Actual concentration: 0.57
384_source_c1,384PP_AQ_BP,A13,wt_GvpW,Axygen 96,C5,125,Actual concentration: 0.14
384_source_c1,384PP_AQ_BP,A13,wt_GvpW,Axygen 96,B5,125,Actual concentration: 0.14
384_source_c1,384PP_AQ_BP,A13,wt_GvpW,Axygen 96,H6,125,Actual concentration: 0.14
384_source_c1,384PP_AQ_BP,A13,wt_GvpW,Axygen 96,G6,450,Actual concentration: 0.49
384_source_c1,384PP_AQ_BP,C13,wt_GvpW,Axygen 96,G6,75,Actual concentration: 0.08
384_source_c1,384PP_AQ_BP,C13,wt_GvpW,Axygen 96,F6,125,Actual concentration: 0.14
384_source_c1,384PP_AQ_BP,C13,wt_GvpW,Axygen 96,E6,525,Actual concentration: 0.57
384_source_c1,384PP_AQ_BP,C13,wt_GvpW,Axygen 96,D6,525,Actual concentration: 0.57
384_source_c1,384PP_AQ_BP,C13,wt_GvpW,Axygen 96,C6,125,Actual concentration: 0.14
384_source_c1,384PP_AQ_BP,C13,wt_GvpW,Axygen 96,B6,525,Actual concentration: 0.57
384_source_c1,384PP_AQ_BP,C13,wt_GvpW,Axygen 96,A6,525,Actual concentration: 0.57
384_source_c1,384PP_AQ_BP,C13,wt_GvpW,Axygen 96,H7,525,Actual concentration: 0.57
384_source_c1,384PP_AQ_BP,C13,wt_GvpW,Axygen 96,G7,525,Actual concentration: 0.57
384_source_c1,384PP_AQ_BP,C13,wt_GvpW,Axygen 96,F7,525,Actual concentration: 0.57
384_source_c1,384PP_AQ_BP,C13,wt_GvpW,Axygen 96,E7,525,Actual concentration: 0.57
384_source_c1,384PP_AQ_BP,C13,wt_GvpW,Axygen 96,D7,525,Actual concentration: 0.57
384_source_c1,384PP_AQ_BP,C13,wt_GvpW,Axygen 96,C7,125,Actual concentration: 0.14
384_source_c1,384PP_AQ_BP,C13,wt_GvpW,Axygen 96,B7,125,Actual concentration: 0.14
384_source_c1,384PP_AQ_BP,C13,wt_GvpW,Axygen 96,H8,125,Actual concentration: 0.14
384_source_c1,384PP_AQ_BP,C13,wt_GvpW,Axygen 96,G8,125,Actual concentration: 0.14
384_source_c1,384PP_AQ_BP,C13,wt_GvpW,Axygen 96,F8,125,Actual concentration: 0.14
384_source_c1,384PP_AQ_BP,C13,wt_GvpW,Axygen 96,E8,125,Actual concentration: 0.14
384_source_c1,384PP_AQ_BP,C13,wt_GvpW,Axygen 96,D8,125,Actual concentration: 0.14
384_source_c1,384PP_AQ_BP,C13,wt_GvpW,Axygen 96,C8,525,Actual concentration: 0.57
384_source_c1,384PP_AQ_BP,C13,wt_GvpW,Axygen 96,B8,525,Actual concentration: 0.57
384_source_c1,384PP_AQ_BP,C13,wt_GvpW,Axygen 96,A8,525,Actual concentration: 0.57
384_source_c1,384PP_AQ_BP,C13,wt_GvpW,Axygen 96,H9,525,Actual concentration: 0.57
384_source_c1,384PP_AQ_BP,C13,wt_GvpW,Axygen 96,G9,525,Actual concentration: 0.57
384_source_c1,384PP_AQ_BP,C13,wt_GvpW,Axygen 96,F9,525,Actual concentration: 0.57
384_source_c1,384PP_AQ_BP,C13,wt_GvpW,Axygen 96,E9,525,Actual concentration: 0.57
384_source_c1,384PP_AQ_BP,C13,wt_GvpW,Axygen 96,D9,400,Actual concentration: 0.44
384_source_c1,384PP_AQ_BP,E13,wt_GvpW,Axygen 96,D9,125,Actual concentration: 0.14
384_source_c1,384PP_AQ_BP,E13,wt_GvpW,Axygen 96,B9,125,Actual concentration: 0.14
384_source_c1,384PP_AQ_BP,E13,wt_GvpW,Axygen 96,H10,1075,Actual concentration: 1.17
384_source_c1,384PP_AQ_BP,E13,wt_GvpW,Axygen 96,G10,1075,Actual concentration: 1.17
384_source_c1,384PP_AQ_BP,E13,wt_GvpW,Axygen 96,F10,1075,Actual concentration: 1.17
384_source_c1,384PP_AQ_BP,E13,wt_GvpW,Axygen 96,E10,1600,Actual concentration: 1.75
384_source_c1,384PP_AQ_BP,E13,wt_GvpW,Axygen 96,D10,525,Actual concentration: 0.57
384_source_c1,384PP_AQ_BP,E13,wt_GvpW,Axygen 96,C10,525,Actual concentration: 0.57
384_source_c1,384PP_AQ_BP,E13,wt_GvpW,Axygen 96,B10,2125,Actual concentration: 2.32
384_source_c1,384PP_AQ_BP,E13,wt_GvpW,Axygen 96,A10,525,Actual concentration: 0.57
384_source_c1,384PP_AQ_BP,E13,wt_GvpW,Axygen 96,H11,125,Actual concentration: 0.14
384_source_c1,384PP_AQ_BP,E13,wt_GvpW,Axygen 96,G11,125,Actual concentration: 0.14
384_source_c1,384PP_AQ_BP,E13,wt_GvpW,Axygen 96,F11,125,Actual concentration: 0.14
384_source_c1,384PP_AQ_BP,E13,wt_GvpW,Axygen 96,E11,125,Actual concentration: 0.14
384_source_c1,384PP_AQ_BP,E13,wt_GvpW,Axygen 96,D11,125,Actual concentration: 0.14
384_source_c1,384PP_AQ_BP,E13,wt_GvpW,Axygen 96,C11,75,Actual concentration: 0.08
384_source_c1,384PP_AQ_BP,E13,wt_GvpW,Axygen 96,B11,125,Actual concentration: 0.14
384_source_c1,384PP_AQ_BP,E13,wt_GvpW,Axygen 96,H12,125,Actual concentration: 0.14
384_source_c1,384PP_AQ_BP,E13,wt_GvpW,Axygen 96,G12,125,Actual concentration: 0.14
384_source_c1,384PP_AQ_BP,E13,wt_GvpW,Axygen 96,F12,125,Actual concentration: 0.14
384_source_c1,384PP_AQ_BP,E13,wt_GvpW,Axygen 96,E12,25,Actual concentration: 0.03
384_source_c1,384PP_AQ_BP,G13,wt_GvpW,Axygen 96,E12,100,Actual concentration: 0.11
384_source_c1,384PP_AQ_BP,G13,wt_GvpW,Axygen 96,D12,125,Actual concentration: 0.14
384_source_c1,384PP_AQ_BP,G13,wt_GvpW,Axygen 96,C12,1075,Actual concentration: 1.17
384_source_c1,384PP_AQ_BP,G13,wt_GvpW,Axygen 96,B12,525,Actual concentration: 0.57
384_source_c1,384PP_AQ_BP,G13,wt_GvpW,Axygen 96,A12,525,Actual concentration: 0.57
384_source_c1,384PP_AQ_BP,A15,puc19,Axygen 96,H1,2100,Actual concentration: 22.89
384_source_c1,384PP_AQ_BP,A15,puc19,Axygen 96,G1,2100,Actual concentration: 22.89
384_source_c1,384PP_AQ_BP,A15,puc19,Axygen 96,F1,2100,Actual concentration: 22.89
384_source_c1,384PP_AQ_BP,A15,puc19,Axygen 96,E1,2100,Actual concentration: 22.89
384_source_c1,384PP_AQ_BP,A15,puc19,Axygen 96,D1,1600,Actual concentration: 17.44
384_source_c1,384PP_AQ_BP,B15,puc19,Axygen 96,D1,500,Actual concentration: 5.45
384_source_c1,384PP_AQ_BP,B15,puc19,Axygen 96,C1,2100,Actual concentration: 22.89
384_source_c1,384PP_AQ_BP,B15,puc19,Axygen 96,B1,2175,Actual concentration: 23.70
384_source_c1,384PP_AQ_BP,B15,puc19,Axygen 96,A1,3675,Actual concentration: 40.05
384_source_c1,384PP_AQ_BP,B15,puc19,Axygen 96,H2,1550,Actual concentration: 16.89
384_source_c1,384PP_AQ_BP,C15,puc19,Axygen 96,H2,475,Actual concentration: 5.18
384_source_c1,384PP_AQ_BP,C15,puc19,Axygen 96,G2,2025,Actual concentration: 22.07
384_source_c1,384PP_AQ_BP,C15,puc19,Axygen 96,F2,2025,Actual concentration: 22.07
384_source_c1,384PP_AQ_BP,C15,puc19,Axygen 96,E2,2000,Actual concentration: 21.80
384_source_c1,384PP_AQ_BP,C15,puc19,Axygen 96,D2,2025,Actual concentration: 22.07
384_source_c1,384PP_AQ_BP,C15,puc19,Axygen 96,C2,1450,Actual concentration: 15.80
384_source_c1,384PP_AQ_BP,D15,puc19,Axygen 96,C2,575,Actual concentration: 6.27
384_source_c1,384PP_AQ_BP,D15,puc19,Axygen 96,B2,2025,Actual concentration: 22.07
384_source_c1,384PP_AQ_BP,D15,puc19,Axygen 96,A2,1725,Actual concentration: 18.80
384_source_c1,384PP_AQ_BP,D15,puc19,Axygen 96,H3,2025,Actual concentration: 22.07
384_source_c1,384PP_AQ_BP,D15,puc19,Axygen 96,G3,2025,Actual concentration: 22.07
384_source_c1,384PP_AQ_BP,D15,puc19,Axygen 96,F3,1625,Actual concentration: 17.71
384_source_c1,384PP_AQ_BP,E15,puc19,Axygen 96,F3,400,Actual concentration: 4.36
384_source_c1,384PP_AQ_BP,E15,puc19,Axygen 96,E3,2025,Actual concentration: 22.07
384_source_c1,384PP_AQ_BP,E15,puc19,Axygen 96,D3,2025,Actual concentration: 22.07
384_source_c1,384PP_AQ_BP,E15,puc19,Axygen 96,C3,2025,Actual concentration: 22.07
384_source_c1,384PP_AQ_BP,E15,puc19,Axygen 96,B3,2175,Actual concentration: 23.70
384_source_c1,384PP_AQ_BP,E15,puc19,Axygen 96,A3,1350,Actual concentration: 14.71
384_source_c1,384PP_AQ_BP,F15,puc19,Axygen 96,A3,2325,Actual concentration: 25.34
384_source_c1,384PP_AQ_BP,F15,puc19,Axygen 96,H4,2025,Actual concentration: 22.07
384_source_c1,384PP_AQ_BP,F15,puc19,Axygen 96,G4,2025,Actual concentration: 22.07
384_source_c1,384PP_AQ_BP,F15,puc19,Axygen 96,F4,1950,Actual concentration: 21.25
384_source_c1,384PP_AQ_BP,F15,puc19,Axygen 96,E4,1675,Actual concentration: 18.25
384_source_c1,384PP_AQ_BP,G15,puc19,Axygen 96,E4,275,Actual concentration: 3.00
384_source_c1,384PP_AQ_BP,G15,puc19,Axygen 96,D4,1950,Actual concentration: 21.25
384_source_c1,384PP_AQ_BP,G15,puc19,Axygen 96,C4,1950,Actual concentration: 21.25
384_source_c1,384PP_AQ_BP,G15,puc19,Axygen 96,B4,1950,Actual concentration: 21.25
384_source_c1,384PP_AQ_BP,G15,puc19,Axygen 96,A4,1725,Actual concentration: 18.80
384_source_c1,384PP_AQ_BP,G15,puc19,Axygen 96,H5,1950,Actual concentration: 21.25
384_source_c1,384PP_AQ_BP,G15,puc19,Axygen 96,G5,200,Actual concentration: 2.18
384_source_c1,384PP_AQ_BP,H15,puc19,Axygen 96,G5,1750,Actual concentration: 19.07
384_source_c1,384PP_AQ_BP,H15,puc19,Axygen 96,F5,1950,Actual concentration: 21.25
384_source_c1,384PP_AQ_BP,H15,puc19,Axygen 96,E5,1950,Actual concentration: 21.25
384_source_c1,384PP_AQ_BP,H15,puc19,Axygen 96,D5,1925,Actual concentration: 20.98
384_source_c1,384PP_AQ_BP,H15,puc19,Axygen 96,C5,1950,Actual concentration: 21.25
384_source_c1,384PP_AQ_BP,H15,puc19,Axygen 96,B5,475,Actual concentration: 5.18
384_source_c1,384PP_AQ_BP,I15,puc19,Axygen 96,B5,1700,Actual concentration: 18.53
384_source_c1,384PP_AQ_BP,I15,puc19,Axygen 96,A5,3675,Actual concentration: 40.05
384_source_c1,384PP_AQ_BP,I15,puc19,Axygen 96,H6,1950,Actual concentration: 21.25
384_source_c1,384PP_AQ_BP,I15,puc19,Axygen 96,G6,1950,Actual concentration: 21.25
384_source_c1,384PP_AQ_BP,I15,puc19,Axygen 96,F6,725,Actual concentration: 7.90
384_source_c1,384PP_AQ_BP,J15,puc19,Axygen 96,F6,1225,Actual concentration: 13.35
384_source_c1,384PP_AQ_BP,J15,puc19,Axygen 96,E6,1950,Actual concentration: 21.25
384_source_c1,384PP_AQ_BP,J15,puc19,Axygen 96,D6,1950,Actual concentration: 21.25
384_source_c1,384PP_AQ_BP,J15,puc19,Axygen 96,C6,1950,Actual concentration: 21.25
384_source_c1,384PP_AQ_BP,J15,puc19,Axygen 96,B6,1950,Actual concentration: 21.25
384_source_c1,384PP_AQ_BP,J15,puc19,Axygen 96,A6,975,Actual concentration: 10.63
384_source_c1,384PP_AQ_BP,K15,puc19,Axygen 96,A6,750,Actual concentration: 8.17
384_source_c1,384PP_AQ_BP,K15,puc19,Axygen 96,H7,1950,Actual concentration: 21.25
384_source_c1,384PP_AQ_BP,K15,puc19,Axygen 96,G7,1950,Actual concentration: 21.25
384_source_c1,384PP_AQ_BP,K15,puc19,Axygen 96,F7,1925,Actual concentration: 20.98
384_source_c1,384PP_AQ_BP,K15,puc19,Axygen 96,E7,1900,Actual concentration: 20.71
384_source_c1,384PP_AQ_BP,K15,puc19,Axygen 96,D7,1525,Actual concentration: 16.62
384_source_c1,384PP_AQ_BP,L15,puc19,Axygen 96,D7,325,Actual concentration: 3.54
384_source_c1,384PP_AQ_BP,L15,puc19,Axygen 96,C7,2825,Actual concentration: 30.79
384_source_c1,384PP_AQ_BP,L15,puc19,Axygen 96,B7,2175,Actual concentration: 23.70
384_source_c1,384PP_AQ_BP,L15,puc19,Axygen 96,A7,3675,Actual concentration: 40.05
384_source_c1,384PP_AQ_BP,L15,puc19,Axygen 96,H8,1000,Actual concentration: 10.90
384_source_c1,384PP_AQ_BP,M15,puc19,Axygen 96,H8,2175,Actual concentration: 23.70
384_source_c1,384PP_AQ_BP,M15,puc19,Axygen 96,G8,3200,Actual concentration: 34.87
384_source_c1,384PP_AQ_BP,M15,puc19,Axygen 96,F8,3200,Actual concentration: 34.87
384_source_c1,384PP_AQ_BP,M15,puc19,Axygen 96,E8,1425,Actual concentration: 15.53
384_source_c1,384PP_AQ_BP,N15,puc19,Axygen 96,E8,1750,Actual concentration: 19.07
384_source_c1,384PP_AQ_BP,N15,puc19,Axygen 96,D8,3175,Actual concentration: 34.60
384_source_c1,384PP_AQ_BP,N15,puc19,Axygen 96,C8,3175,Actual concentration: 34.60
384_source_c1,384PP_AQ_BP,N15,puc19,Axygen 96,B8,1900,Actual concentration: 20.71
384_source_c1,384PP_AQ_BP,O15,puc19,Axygen 96,B8,925,Actual concentration: 10.08
384_source_c1,384PP_AQ_BP,O15,puc19,Axygen 96,A8,1725,Actual concentration: 18.80
384_source_c1,384PP_AQ_BP,O15,puc19,Axygen 96,H9,1825,Actual concentration: 19.89
384_source_c1,384PP_AQ_BP,O15,puc19,Axygen 96,G9,1825,Actual concentration: 19.89
384_source_c1,384PP_AQ_BP,O15,puc19,Axygen 96,F9,1825,Actual concentration: 19.89
384_source_c1,384PP_AQ_BP,O15,puc19,Axygen 96,E9,1825,Actual concentration: 19.89
384_source_c1,384PP_AQ_BP,O15,puc19,Axygen 96,D9,50,Actual concentration: 0.54
384_source_c1,384PP_AQ_BP,P15,puc19,Axygen 96,D9,1775,Actual concentration: 19.34
384_source_c1,384PP_AQ_BP,P15,puc19,Axygen 96,C9,1825,Actual concentration: 19.89
384_source_c1,384PP_AQ_BP,P15,puc19,Axygen 96,B9,2175,Actual concentration: 23.70
384_source_c1,384PP_AQ_BP,P15,puc19,Axygen 96,A9,3675,Actual concentration: 40.05
384_source_c1,384PP_AQ_BP,P15,puc19,Axygen 96,H10,550,Actual concentration: 5.99
384_source_c1,384PP_AQ_BP,A17,puc19,Axygen 96,H10,575,Actual concentration: 6.27
384_source_c1,384PP_AQ_BP,A17,puc19,Axygen 96,G10,450,Actual concentration: 4.90
384_source_c1,384PP_AQ_BP,A17,puc19,Axygen 96,F10,50,Actual concentration: 0.54
384_source_c1,384PP_AQ_BP,A17,puc19,Axygen 96,E10,550,Actual concentration: 5.99
384_source_c1,384PP_AQ_BP,A17,puc19,Axygen 96,D10,1050,Actual concentration: 11.44
384_source_c1,384PP_AQ_BP,A17,puc19,Axygen 96,C10,350,Actual concentration: 3.81
384_source_c1,384PP_AQ_BP,A17,puc19,Axygen 96,B10,325,Actual concentration: 3.54
384_source_c1,384PP_AQ_BP,A17,puc19,Axygen 96,A10,1725,Actual concentration: 18.80
384_source_c1,384PP_AQ_BP,A17,puc19,Axygen 96,H11,2175,Actual concentration: 23.70
384_source_c1,384PP_AQ_BP,A17,puc19,Axygen 96,G11,2175,Actual concentration: 23.70
384_source_c1,384PP_AQ_BP,A17,puc19,Axygen 96,F11,575,Actual concentration: 6.27
384_source_c1,384PP_AQ_BP,B17,puc19,Axygen 96,F11,1600,Actual concentration: 17.44
384_source_c1,384PP_AQ_BP,B17,puc19,Axygen 96,E11,2175,Actual concentration: 23.70
384_source_c1,384PP_AQ_BP,B17,puc19,Axygen 96,D11,2175,Actual concentration: 23.70
384_source_c1,384PP_AQ_BP,B17,puc19,Axygen 96,C11,2175,Actual concentration: 23.70
384_source_c1,384PP_AQ_BP,B17,puc19,Axygen 96,B11,1875,Actual concentration: 20.43
384_source_c1,384PP_AQ_BP,C17,puc19,Axygen 96,B11,300,Actual concentration: 3.27
384_source_c1,384PP_AQ_BP,C17,puc19,Axygen 96,A11,3675,Actual concentration: 40.05
384_source_c1,384PP_AQ_BP,C17,puc19,Axygen 96,H12,1975,Actual concentration: 21.52
384_source_c1,384PP_AQ_BP,C17,puc19,Axygen 96,G12,2000,Actual concentration: 21.80
384_source_c1,384PP_AQ_BP,C17,puc19,Axygen 96,F12,2000,Actual concentration: 21.80
384_source_c1,384PP_AQ_BP,C17,puc19,Axygen 96,E12,50,Actual concentration: 0.54
384_source_c1,384PP_AQ_BP,D17,puc19,Axygen 96,E12,1950,Actual concentration: 21.25
384_source_c1,384PP_AQ_BP,D17,puc19,Axygen 96,D12,1975,Actual concentration: 21.52
384_source_c1,384PP_AQ_BP,D17,puc19,Axygen 96,C12,2000,Actual concentration: 21.80
384_source_c1,384PP_AQ_BP,D17,puc19,Axygen 96,B12,2575,Actual concentration: 28.06
384_source_c1,384PP_AQ_BP,D17,puc19,Axygen 96,A12,1500,Actual concentration: 16.35
384_source_c1,384PP_AQ_BP,E17,puc19,Axygen 96,A12,225,Actual concentration: 2.45