well,ingredient1,concentration1,unit1,ingredient2,...
A1,puc19,40.049904999999995,concentration,wt_GvpW,0.0,concentration,NN449_GvpN,0.0,concentration,wt_GvpK,0.0,concentration,NN457_GvpJ,0.0,concentration,NN410_GvpG,0.0,concentration,NN458_GvpF,0.0,concentration,NN400_GvpA,0.0,concentration,water,0.755,fraction
A10,puc19,18.798934999999997,concentration,wt_GvpW,0.5735450000000001,concentration,NN449_GvpN,0.5783566666666667,concentration,wt_GvpK,0.5705333333333333,concentration,NN457_GvpJ,0.5943666666666667,concentration,NN410_GvpG,0.5921550000000001,concentration,NN458_GvpF,0.57816,concentration,NN400_GvpA,5.823113333333333,concentration,water,0.6,fraction
A11,puc19,40.049904999999995,concentration,wt_GvpW,0.0,concentration,NN449_GvpN,0.0,concentration,wt_GvpK,0.0,concentration,NN457_GvpJ,0.0,concentration,NN410_GvpG,0.0,concentration,NN458_GvpF,0.0,concentration,NN400_GvpA,0.0,concentration,water,0.755,fraction
A12,puc19,18.798934999999997,concentration,wt_GvpW,0.5735450000000001,concentration,NN449_GvpN,0.5783566666666667,concentration,wt_GvpK,0.5705333333333333,concentration,NN457_GvpJ,0.5943666666666667,concentration,NN410_GvpG,0.5921550000000001,concentration,NN458_GvpF,0.57816,concentration,NN400_GvpA,5.823113333333333,concentration,water,0.6,fraction
A2,puc19,18.798934999999997,concentration,wt_GvpW,0.5735450000000001,concentration,NN449_GvpN,0.5783566666666667,concentration,wt_GvpK,0.5705333333333333,concentration,NN457_GvpJ,0.5943666666666667,concentration,NN410_GvpG,0.5921550000000001,concentration,NN458_GvpF,0.57816,concentration,NN400_GvpA,5.823113333333333,concentration,water,0.6,fraction
A3,puc19,40.049904999999995,concentration,wt_GvpW,0.0,concentration,NN449_GvpN,0.0,concentration,wt_GvpK,0.0,concentration,NN457_GvpJ,0.0,concentration,NN410_GvpG,0.0,concentration,NN458_GvpF,0.0,concentration,NN400_GvpA,0.0,concentration,water,0.755,fraction
A4,puc19,18.798934999999997,concentration,wt_GvpW,0.5735450000000001,concentration,NN449_GvpN,0.5783566666666667,concentration,wt_GvpK,0.5705333333333333,concentration,NN457_GvpJ,0.5943666666666667,concentration,NN410_GvpG,0.5921550000000001,concentration,NN458_GvpF,0.57816,concentration,NN400_GvpA,5.823113333333333,concentration,water,0.6,fraction
A5,puc19,40.049904999999995,concentration,wt_GvpW,0.0,concentration,NN449_GvpN,0.0,concentration,wt_GvpK,0.0,concentration,NN457_GvpJ,0.0,concentration,NN410_GvpG,0.0,concentration,NN458_GvpF,0.0,concentration,NN400_GvpA,0.0,concentration,water,0.755,fraction
A6,puc19,18.798934999999997,concentration,wt_GvpW,0.5735450000000001,concentration,NN449_GvpN,0.5783566666666667,concentration,wt_GvpK,0.5705333333333333,concentration,NN457_GvpJ,0.5943666666666667,concentration,NN410_GvpG,0.5921550000000001,concentration,NN458_GvpF,0.57816,concentration,NN400_GvpA,5.823113333333333,concentration,water,0.6,fraction
A7,puc19,40.049904999999995,concentration,wt_GvpW,0.0,concentration,NN449_GvpN,0.0,concentration,wt_GvpK,0.0,concentration,NN457_GvpJ,0.0,concentration,NN410_GvpG,0.0,concentration,NN458_GvpF,0.0,concentration,NN400_GvpA,0.0,concentration,water,0.755,fraction
A8,puc19,18.798934999999997,concentration,wt_GvpW,0.5735450000000001,concentration,NN449_GvpN,0.5783566666666667,concentration,wt_GvpK,0.5705333333333333,concentration,NN457_GvpJ,0.5943666666666667,concentration,NN410_GvpG,0.5921550000000001,concentration,NN458_GvpF,0.57816,concentration,NN400_GvpA,5.823113333333333,concentration,water,0.6,fraction
A9,puc19,40.049904999999995,concentration,wt_GvpW,0.0,concentration,NN449_GvpN,0.0,concentration,wt_GvpK,0.0,concentration,NN457_GvpJ,0.0,concentration,NN410_GvpG,0.0,concentration,NN458_GvpF,0.0,concentration,NN400_GvpA,0.0,concentration,water,0.755,fraction
B1,puc19,23.703005,concentration,wt_GvpW,0.13655833333333334,concentration,NN449_GvpN,0.1396033333333333,concentration,wt_GvpK,0.1556,concentration,NN457_GvpJ,0.13508333333333333,concentration,NN410_GvpG,0.1535216666666667,concentration,NN458_GvpF,0.15768000000000001,concentration,NN400_GvpA,5.823113333333333,concentration,water,0.7483333333333333,fraction
B10,puc19,3.541828333333333,concentration,wt_GvpW,2.3214916666666667,concentration,NN449_GvpN,2.3333699999999995,concentration,wt_GvpK,0.1556,concentration,NN457_GvpJ,2.3234333333333335,concentration,NN410_GvpG,2.3247566666666666,concentration,NN458_GvpF,2.3389200000000003,concentration,NN400_GvpA,5.823113333333333,concentration,water,0.11666666666666667,fraction
B11,puc19,23.703005,concentration,wt_GvpW,0.13655833333333334,concentration,NN449_GvpN,0.1396033333333333,concentration,wt_GvpK,0.1556,concentration,NN457_GvpJ,0.13508333333333333,concentration,NN410_GvpG,0.1535216666666667,concentration,NN458_GvpF,0.15768000000000001,concentration,NN400_GvpA,5.823113333333333,concentration,water,0.7483333333333333,fraction
B12,puc19,28.062178333333332,concentration,wt_GvpW,0.5735450000000001,concentration,NN449_GvpN,0.4387533333333333,concentration,wt_GvpK,0.0778,concentration,NN457_GvpJ,0.29718333333333335,concentration,NN410_GvpG,0.5921550000000001,concentration,NN458_GvpF,0.57816,concentration,NN400_GvpA,2.9115566666666663,concentration,water,0.6283333333333333,fraction
B2,puc19,22.068315,concentration,wt_GvpW,0.13655833333333334,concentration,NN449_GvpN,0.1396033333333333,concentration,wt_GvpK,0.5705333333333333,concentration,NN457_GvpJ,0.13508333333333333,concentration,NN410_GvpG,0.5921550000000001,concentration,NN458_GvpF,0.15768000000000001,concentration,NN400_GvpA,5.823113333333333,concentration,water,0.6983333333333334,fraction
B3,puc19,23.703005,concentration,wt_GvpW,0.13655833333333334,concentration,NN449_GvpN,0.1396033333333333,concentration,wt_GvpK,0.1556,concentration,NN457_GvpJ,0.13508333333333333,concentration,NN410_GvpG,0.1535216666666667,concentration,NN458_GvpF,0.15768000000000001,concentration,NN400_GvpA,5.823113333333333,concentration,water,0.7483333333333333,fraction
B4,puc19,21.25097,concentration,wt_GvpW,0.13655833333333334,concentration,NN449_GvpN,0.1396033333333333,concentration,wt_GvpK,0.5705333333333333,concentration,NN457_GvpJ,0.5943666666666667,concentration,NN410_GvpG,0.1535216666666667,concentration,NN458_GvpF,0.57816,concentration,NN400_GvpA,5.823113333333333,concentration,water,0.6816666666666666,fraction
B5,puc19,23.703005,concentration,wt_GvpW,0.13655833333333334,concentration,NN449_GvpN,0.1396033333333333,concentration,wt_GvpK,0.1556,concentration,NN457_GvpJ,0.13508333333333333,concentration,NN410_GvpG,0.1535216666666667,concentration,NN458_GvpF,0.15768000000000001,concentration,NN400_GvpA,5.823113333333333,concentration,water,0.7483333333333333,fraction
B6,puc19,21.25097,concentration,wt_GvpW,0.5735450000000001,concentration,NN449_GvpN,0.1396033333333333,concentration,wt_GvpK,0.5705333333333333,concentration,NN457_GvpJ,0.5943666666666667,concentration,NN410_GvpG,0.1535216666666667,concentration,NN458_GvpF,0.15768000000000001,concentration,NN400_GvpA,5.823113333333333,concentration,water,0.6816666666666666,fraction
B7,puc19,23.703005,concentration,wt_GvpW,0.13655833333333334,concentration,NN449_GvpN,0.1396033333333333,concentration,wt_GvpK,0.1556,concentration,NN457_GvpJ,0.13508333333333333,concentration,NN410_GvpG,0.1535216666666667,concentration,NN458_GvpF,0.15768000000000001,concentration,NN400_GvpA,5.823113333333333,concentration,water,0.7483333333333333,fraction
B8,puc19,30.786661666666667,concentration,wt_GvpW,0.5735450000000001,concentration,NN449_GvpN,0.5783566666666667,concentration,wt_GvpK,0.5705333333333333,concentration,NN457_GvpJ,0.5943666666666667,concentration,NN410_GvpG,0.5921550000000001,concentration,NN458_GvpF,0.57816,concentration,NN400_GvpA,1.24781,concentration,water,0.5633333333333334,fraction
B9,puc19,23.703005,concentration,wt_GvpW,0.13655833333333334,concentration,NN449_GvpN,0.1396033333333333,concentration,wt_GvpK,0.1556,concentration,NN457_GvpJ,0.13508333333333333,concentration,NN410_GvpG,0.1535216666666667,concentration,NN458_GvpF,0.15768000000000001,concentration,NN400_GvpA,5.823113333333333,concentration,water,0.7483333333333333,fraction
C1,puc19,22.885659999999998,concentration,wt_GvpW,0.5735450000000001,concentration,NN449_GvpN,0.1396033333333333,concentration,wt_GvpK,0.1556,concentration,NN457_GvpJ,0.13508333333333333,concentration,NN410_GvpG,0.1535216666666667,concentration,NN458_GvpF,0.15768000000000001,concentration,NN400_GvpA,5.823113333333333,concentration,water,0.7266666666666667,fraction
C10,puc19,3.8142766666666668,concentration,wt_GvpW,0.5735450000000001,concentration,NN449_GvpN,0.5783566666666667,concentration,wt_GvpK,0.5705333333333333,concentration,NN457_GvpJ,0.5943666666666667,concentration,NN410_GvpG,0.5921550000000001,concentration,NN458_GvpF,0.57816,concentration,NN400_GvpA,11.646226666666665,concentration,water,0.645,fraction
C11,puc19,23.703005,concentration,wt_GvpW,0.08193500000000001,concentration,NN449_GvpN,0.1396033333333333,concentration,wt_GvpK,0.1556,concentration,NN457_GvpJ,0.13508333333333333,concentration,NN410_GvpG,0.1535216666666667,concentration,NN458_GvpF,0.15768000000000001,concentration,NN400_GvpA,5.823113333333333,concentration,water,0.7516666666666667,fraction
C12,puc19,21.795866666666665,concentration,wt_GvpW,1.1744016666666668,concentration,NN449_GvpN,0.1396033333333333,concentration,wt_GvpK,0.1556,concentration,NN457_GvpJ,0.13508333333333333,concentration,NN410_GvpG,0.1535216666666667,concentration,NN458_GvpF,0.15768000000000001,concentration,NN400_GvpA,5.823113333333333,concentration,water,0.6966666666666667,fraction
C2,puc19,22.068315,concentration,wt_GvpW,0.13655833333333334,concentration,NN449_GvpN,0.1396033333333333,concentration,wt_GvpK,0.1556,concentration,NN457_GvpJ,0.5943666666666667,concentration,NN410_GvpG,0.5921550000000001,concentration,NN458_GvpF,0.15768000000000001,concentration,NN400_GvpA,5.823113333333333,concentration,water,0.6966666666666667,fraction
C3,puc19,22.068315,concentration,wt_GvpW,0.13655833333333334,concentration,NN449_GvpN,0.5783566666666667,concentration,wt_GvpK,0.5705333333333333,concentration,NN457_GvpJ,0.13508333333333333,concentration,NN410_GvpG,0.1535216666666667,concentration,NN458_GvpF,0.15768000000000001,concentration,NN400_GvpA,5.823113333333333,concentration,water,0.695,fraction
C4,puc19,21.25097,concentration,wt_GvpW,0.5735450000000001,concentration,NN449_GvpN,0.1396033333333333,concentration,wt_GvpK,0.1556,concentration,NN457_GvpJ,0.13508333333333333,concentration,NN410_GvpG,0.5921550000000001,concentration,NN458_GvpF,0.57816,concentration,NN400_GvpA,5.823113333333333,concentration,water,0.6766666666666666,fraction
C5,puc19,21.25097,concentration,wt_GvpW,0.13655833333333334,concentration,NN449_GvpN,0.1396033333333333,concentration,wt_GvpK,0.5705333333333333,concentration,NN457_GvpJ,0.5943666666666667,concentration,NN410_GvpG,0.5921550000000001,concentration,NN458_GvpF,0.15768000000000001,concentration,NN400_GvpA,5.823113333333333,concentration,water,0.675,fraction
C6,puc19,21.25097,concentration,wt_GvpW,0.13655833333333334,concentration,NN449_GvpN,0.5783566666666667,concentration,wt_GvpK,0.5705333333333333,concentration,NN457_GvpJ,0.5943666666666667,concentration,NN410_GvpG,0.1535216666666667,concentration,NN458_GvpF,0.15768000000000001,concentration,NN400_GvpA,5.823113333333333,concentration,water,0.6716666666666666,fraction
C7,puc19,30.786661666666667,concentration,wt_GvpW,0.13655833333333334,concentration,NN449_GvpN,0.1396033333333333,concentration,wt_GvpK,0.1556,concentration,NN457_GvpJ,0.13508333333333333,concentration,NN410_GvpG,0.1535216666666667,concentration,NN458_GvpF,0.15768000000000001,concentration,NN400_GvpA,1.24781,concentration,water,0.7416666666666667,fraction
C8,puc19,34.60093833333333,concentration,wt_GvpW,0.5735450000000001,concentration,NN449_GvpN,0.1396033333333333,concentration,wt_GvpK,0.1556,concentration,NN457_GvpJ,0.13508333333333333,concentration,NN410_GvpG,0.1535216666666667,concentration,NN458_GvpF,0.15768000000000001,concentration,NN400_GvpA,1.24781,concentration,water,0.6916666666666667,fraction
C9,puc19,19.888728333333333,concentration,wt_GvpW,0.0,concentration,NN449_GvpN,0.5783566666666667,concentration,wt_GvpK,0.5705333333333333,concentration,NN457_GvpJ,0.5943666666666667,concentration,NN410_GvpG,0.5921550000000001,concentration,NN458_GvpF,0.57816,concentration,NN400_GvpA,5.823113333333333,concentration,water,0.6283333333333333,fraction
D1,puc19,22.885659999999998,concentration,wt_GvpW,0.13655833333333334,concentration,NN449_GvpN,0.5783566666666667,concentration,wt_GvpK,0.1556,concentration,NN457_GvpJ,0.13508333333333333,concentration,NN410_GvpG,0.1535216666666667,concentration,NN458_GvpF,0.15768000000000001,concentration,NN400_GvpA,5.823113333333333,concentration,water,0.7166666666666667,fraction
D10,puc19,11.442829999999999,concentration,wt_GvpW,0.5735450000000001,concentration,NN449_GvpN,0.5783566666666667,concentration,wt_GvpK,0.5705333333333333,concentration,NN457_GvpJ,0.5943666666666667,concentration,NN410_GvpG,0.5921550000000001,concentration,NN458_GvpF,0.57816,concentration,NN400_GvpA,8.73467,concentration,water,0.6216666666666667,fraction
D11,puc19,23.703005,concentration,wt_GvpW,0.13655833333333334,concentration,NN449_GvpN,0.07977333333333332,concentration,wt_GvpK,0.1556,concentration,NN457_GvpJ,0.13508333333333333,concentration,NN410_GvpG,0.1535216666666667,concentration,NN458_GvpF,0.15768000000000001,concentration,NN400_GvpA,5.823113333333333,concentration,water,0.7533333333333333,fraction
D12,puc19,21.523418333333332,concentration,wt_GvpW,0.13655833333333334,concentration,NN449_GvpN,1.1766566666666665,concentration,wt_GvpK,0.1556,concentration,NN457_GvpJ,0.13508333333333333,concentration,NN410_GvpG,0.1535216666666667,concentration,NN458_GvpF,0.15768000000000001,concentration,NN400_GvpA,5.823113333333333,concentration,water,0.675,fraction
D2,puc19,22.068315,concentration,wt_GvpW,0.5735450000000001,concentration,NN449_GvpN,0.1396033333333333,concentration,wt_GvpK,0.1556,concentration,NN457_GvpJ,0.13508333333333333,concentration,NN410_GvpG,0.1535216666666667,concentration,NN458_GvpF,0.57816,concentration,NN400_GvpA,5.823113333333333,concentration,water,0.705,fraction
D3,puc19,22.068315,concentration,wt_GvpW,0.5735450000000001,concentration,NN449_GvpN,0.1396033333333333,concentration,wt_GvpK,0.1556,concentration,NN457_GvpJ,0.5943666666666667,concentration,NN410_GvpG,0.1535216666666667,concentration,NN458_GvpF,0.15768000000000001,concentration,NN400_GvpA,5.823113333333333,concentration,water,0.7033333333333334,fraction
D4,puc19,21.25097,concentration,wt_GvpW,0.13655833333333334,concentration,NN449_GvpN,0.5783566666666667,concentration,wt_GvpK,0.1556,concentration,NN457_GvpJ,0.13508333333333333,concentration,NN410_GvpG,0.5921550000000001,concentration,NN458_GvpF,0.57816,concentration,NN400_GvpA,5.823113333333333,concentration,water,0.6666666666666666,fraction
D5,puc19,20.97852166666667,concentration,wt_GvpW,0.5735450000000001,concentration,NN449_GvpN,0.5783566666666667,concentration,wt_GvpK,0.1556,concentration,NN457_GvpJ,0.13508333333333333,concentration,NN410_GvpG,0.1535216666666667,concentration,NN458_GvpF,0.57816,concentration,NN400_GvpA,5.823113333333333,concentration,water,0.675,fraction
D6,puc19,21.25097,concentration,wt_GvpW,0.5735450000000001,concentration,NN449_GvpN,0.5783566666666667,concentration,wt_GvpK,0.1556,concentration,NN457_GvpJ,0.13508333333333333,concentration,NN410_GvpG,0.5921550000000001,concentration,NN458_GvpF,0.15768000000000001,concentration,NN400_GvpA,5.823113333333333,concentration,water,0.6666666666666666,fraction
D7,puc19,20.161176666666666,concentration,wt_GvpW,0.5735450000000001,concentration,NN449_GvpN,0.5783566666666667,concentration,wt_GvpK,0.0778,concentration,NN457_GvpJ,0.29718333333333335,concentration,NN410_GvpG,0.5921550000000001,concentration,NN458_GvpF,0.57816,concentration,NN400_GvpA,5.823113333333333,concentration,water,0.6416666666666667,fraction
D8,puc19,34.60093833333333,concentration,wt_GvpW,0.13655833333333334,concentration,NN449_GvpN,0.5783566666666667,concentration,wt_GvpK,0.1556,concentration,NN457_GvpJ,0.13508333333333333,concentration,NN410_GvpG,0.1535216666666667,concentration,NN458_GvpF,0.15768000000000001,concentration,NN400_GvpA,1.24781,concentration,water,0.6816666666666666,fraction
D9,puc19,19.888728333333333,concentration,wt_GvpW,0.5735450000000001,concentration,NN449_GvpN,0.0,concentration,wt_GvpK,0.5705333333333333,concentration,NN457_GvpJ,0.5943666666666667,concentration,NN410_GvpG,0.5921550000000001,concentration,NN458_GvpF,0.57816,concentration,NN400_GvpA,5.823113333333333,concentration,water,0.6416666666666667,fraction
E1,puc19,22.885659999999998,concentration,wt_GvpW,0.13655833333333334,concentration,NN449_GvpN,0.1396033333333333,concentration,wt_GvpK,0.5705333333333333,concentration,NN457_GvpJ,0.13508333333333333,concentration,NN410_GvpG,0.1535216666666667,concentration,NN458_GvpF,0.15768000000000001,concentration,NN400_GvpA,5.823113333333333,concentration,water,0.7266666666666667,fraction
E10,puc19,5.9938633333333335,concentration,wt_GvpW,1.7479466666666668,concentration,NN449_GvpN,1.755013333333333,concentration,wt_GvpK,1.7375333333333334,concentration,NN457_GvpJ,1.7560833333333334,concentration,NN410_GvpG,1.7545333333333333,concentration,NN458_GvpF,1.76076,concentration,NN400_GvpA,5.823113333333333,concentration,water,0.19833333333333333,fraction
E11,puc19,23.703005,concentration,wt_GvpW,0.13655833333333334,concentration,NN449_GvpN,0.1396033333333333,concentration,wt_GvpK,0.0778,concentration,NN457_GvpJ,0.13508333333333333,concentration,NN410_GvpG,0.1535216666666667,concentration,NN458_GvpF,0.15768000000000001,concentration,NN400_GvpA,5.823113333333333,concentration,water,0.7533333333333333,fraction
E12,puc19,21.795866666666665,concentration,wt_GvpW,0.13655833333333334,concentration,NN449_GvpN,0.1396033333333333,concentration,wt_GvpK,1.167,concentration,NN457_GvpJ,0.13508333333333333,concentration,NN410_GvpG,0.1535216666666667,concentration,NN458_GvpF,0.15768000000000001,concentration,NN400_GvpA,5.823113333333333,concentration,water,0.695,fraction
E2,puc19,21.795866666666665,concentration,wt_GvpW,0.13655833333333334,concentration,NN449_GvpN,0.5783566666666667,concentration,wt_GvpK,0.1556,concentration,NN457_GvpJ,0.13508333333333333,concentration,NN410_GvpG,0.1535216666666667,concentration,NN458_GvpF,0.57816,concentration,NN400_GvpA,5.823113333333333,concentration,water,0.6966666666666667,fraction
E3,puc19,22.068315,concentration,wt_GvpW,0.13655833333333334,concentration,NN449_GvpN,0.5783566666666667,concentration,wt_GvpK,0.1556,concentration,NN457_GvpJ,0.5943666666666667,concentration,NN410_GvpG,0.1535216666666667,concentration,NN458_GvpF,0.15768000000000001,concentration,NN400_GvpA,5.823113333333333,concentration,water,0.6933333333333334,fraction
E4,puc19,21.25097,concentration,wt_GvpW,0.13655833333333334,concentration,NN449_GvpN,0.1396033333333333,concentration,wt_GvpK,0.5705333333333333,concentration,NN457_GvpJ,0.13508333333333333,concentration,NN410_GvpG,0.5921550000000001,concentration,NN458_GvpF,0.57816,concentration,NN400_GvpA,5.823113333333333,concentration,water,0.6766666666666666,fraction
E5,puc19,21.25097,concentration,wt_GvpW,0.5735450000000001,concentration,NN449_GvpN,0.1396033333333333,concentration,wt_GvpK,0.5705333333333333,concentration,NN457_GvpJ,0.13508333333333333,concentration,NN410_GvpG,0.1535216666666667,concentration,NN458_GvpF,0.57816,concentration,NN400_GvpA,5.823113333333333,concentration,water,0.6833333333333333,fraction
E6,puc19,21.25097,concentration,wt_GvpW,0.5735450000000001,concentration,NN449_GvpN,0.1396033333333333,concentration,wt_GvpK,0.5705333333333333,concentration,NN457_GvpJ,0.13508333333333333,concentration,NN410_GvpG,0.5921550000000001,concentration,NN458_GvpF,0.15768000000000001,concentration,NN400_GvpA,5.823113333333333,concentration,water,0.6766666666666666,fraction
E7,puc19,20.706073333333332,concentration,wt_GvpW,0.5735450000000001,concentration,NN449_GvpN,0.29915,concentration,wt_GvpK,0.0778,concentration,NN457_GvpJ,0.29718333333333335,concentration,NN410_GvpG,0.5921550000000001,concentration,NN458_GvpF,0.57816,concentration,NN400_GvpA,5.823113333333333,concentration,water,0.6616666666666666,fraction
E8,puc19,34.60093833333333,concentration,wt_GvpW,0.13655833333333334,concentration,NN449_GvpN,0.1396033333333333,concentration,wt_GvpK,0.5705333333333333,concentration,NN457_GvpJ,0.13508333333333333,concentration,NN410_GvpG,0.1535216666666667,concentration,NN458_GvpF,0.15768000000000001,concentration,NN400_GvpA,1.24781,concentration,water,0.6916666666666667,fraction
E9,puc19,19.888728333333333,concentration,wt_GvpW,0.5735450000000001,concentration,NN449_GvpN,0.5783566666666667,concentration,wt_GvpK,0.0,concentration,NN457_GvpJ,0.5943666666666667,concentration,NN410_GvpG,0.5921550000000001,concentration,NN458_GvpF,0.57816,concentration,NN400_GvpA,5.823113333333333,concentration,water,0.63,fraction
F1,puc19,22.885659999999998,concentration,wt_GvpW,0.13655833333333334,concentration,NN449_GvpN,0.1396033333333333,concentration,wt_GvpK,0.1556,concentration,NN457_GvpJ,0.5943666666666667,concentration,NN410_GvpG,0.1535216666666667,concentration,NN458_GvpF,0.15768000000000001,concentration,NN400_GvpA,5.823113333333333,concentration,water,0.725,fraction
F10,puc19,0.5448966666666667,concentration,wt_GvpW,1.1744016666666668,concentration,NN449_GvpN,1.1766566666666665,concentration,wt_GvpK,1.167,concentration,NN457_GvpJ,1.1617166666666667,concentration,NN410_GvpG,1.1623783333333333,concentration,NN458_GvpF,1.15632,concentration,NN400_GvpA,10.398416666666666,concentration,water,0.435,fraction
F11,puc19,23.703005,concentration,wt_GvpW,0.13655833333333334,concentration,NN449_GvpN,0.1396033333333333,concentration,wt_GvpK,0.1556,concentration,NN457_GvpJ,0.08105,concentration,NN410_GvpG,0.1535216666666667,concentration,NN458_GvpF,0.15768000000000001,concentration,NN400_GvpA,5.823113333333333,concentration,water,0.7516666666666667,fraction
F12,puc19,21.795866666666665,concentration,wt_GvpW,0.13655833333333334,concentration,NN449_GvpN,0.1396033333333333,concentration,wt_GvpK,0.1556,concentration,NN457_GvpJ,1.1617166666666667,concentration,NN410_GvpG,0.1535216666666667,concentration,NN458_GvpF,0.15768000000000001,concentration,NN400_GvpA,5.823113333333333,concentration,water,0.6966666666666667,fraction
F2,puc19,22.068315,concentration,wt_GvpW,0.13655833333333334,concentration,NN449_GvpN,0.1396033333333333,concentration,wt_GvpK,0.5705333333333333,concentration,NN457_GvpJ,0.13508333333333333,concentration,NN410_GvpG,0.1535216666666667,concentration,NN458_GvpF,0.57816,concentration,NN400_GvpA,5.823113333333333,concentration,water,0.705,fraction
F3,puc19,22.068315,concentration,wt_GvpW,0.13655833333333334,concentration,NN449_GvpN,0.1396033333333333,concentration,wt_GvpK,0.5705333333333333,concentration,NN457_GvpJ,0.5943666666666667,concentration,NN410_GvpG,0.1535216666666667,concentration,NN458_GvpF,0.15768000000000001,concentration,NN400_GvpA,5.823113333333333,concentration,water,0.7033333333333334,fraction
F4,puc19,21.25097,concentration,wt_GvpW,0.13655833333333334,concentration,NN449_GvpN,0.1396033333333333,concentration,wt_GvpK,0.1556,concentration,NN457_GvpJ,0.5943666666666667,concentration,NN410_GvpG,0.5921550000000001,concentration,NN458_GvpF,0.57816,concentration,NN400_GvpA,5.823113333333333,concentration,water,0.675,fraction
F5,puc19,21.25097,concentration,wt_GvpW,0.13655833333333334,concentration,NN449_GvpN,0.5783566666666667,concentration,wt_GvpK,0.5705333333333333,concentration,NN457_GvpJ,0.13508333333333333,concentration,NN410_GvpG,0.1535216666666667,concentration,NN458_GvpF,0.57816,concentration,NN400_GvpA,5.823113333333333,concentration,water,0.6733333333333333,fraction
F6,puc19,21.25097,concentration,wt_GvpW,0.13655833333333334,concentration,NN449_GvpN,0.5783566666666667,concentration,wt_GvpK,0.5705333333333333,concentration,NN457_GvpJ,0.13508333333333333,concentration,NN410_GvpG,0.5921550000000001,concentration,NN458_GvpF,0.15768000000000001,concentration,NN400_GvpA,5.823113333333333,concentration,water,0.6666666666666666,fraction
F7,puc19,20.97852166666667,concentration,wt_GvpW,0.5735450000000001,concentration,NN449_GvpN,0.1396033333333333,concentration,wt_GvpK,0.0778,concentration,NN457_GvpJ,0.29718333333333335,concentration,NN410_GvpG,0.5921550000000001,concentration,NN458_GvpF,0.57816,concentration,NN400_GvpA,5.823113333333333,concentration,water,0.6733333333333333,fraction
F8,puc19,34.87338666666667,concentration,wt_GvpW,0.13655833333333334,concentration,NN449_GvpN,0.1396033333333333,concentration,wt_GvpK,0.1556,concentration,NN457_GvpJ,0.5943666666666667,concentration,NN410_GvpG,0.1535216666666667,concentration,NN458_GvpF,0.15768000000000001,concentration,NN400_GvpA,1.24781,concentration,water,0.6883333333333334,fraction
F9,puc19,19.888728333333333,concentration,wt_GvpW,0.5735450000000001,concentration,NN449_GvpN,0.5783566666666667,concentration,wt_GvpK,0.5705333333333333,concentration,NN457_GvpJ,0.0,concentration,NN410_GvpG,0.5921550000000001,concentration,NN458_GvpF,0.57816,concentration,NN400_GvpA,5.823113333333333,concentration,water,0.63,fraction
G1,puc19,22.885659999999998,concentration,wt_GvpW,0.13655833333333334,concentration,NN449_GvpN,0.1396033333333333,concentration,wt_GvpK,0.1556,concentration,NN457_GvpJ,0.13508333333333333,concentration,NN410_GvpG,0.5921550000000001,concentration,NN458_GvpF,0.15768000000000001,concentration,NN400_GvpA,5.823113333333333,concentration,water,0.72,fraction
G10,puc19,4.90407,concentration,wt_GvpW,1.1744016666666668,concentration,NN449_GvpN,1.1766566666666665,concentration,wt_GvpK,1.167,concentration,NN457_GvpJ,1.1617166666666667,concentration,NN410_GvpG,1.1623783333333333,concentration,NN458_GvpF,1.15632,concentration,NN400_GvpA,8.73467,concentration,water,0.4216666666666667,fraction
G11,puc19,23.703005,concentration,wt_GvpW,0.13655833333333334,concentration,NN449_GvpN,0.1396033333333333,concentration,wt_GvpK,0.1556,concentration,NN457_GvpJ,0.13508333333333333,concentration,NN410_GvpG,0.065795,concentration,NN458_GvpF,0.15768000000000001,concentration,NN400_GvpA,5.823113333333333,concentration,water,0.755,fraction
G12,puc19,21.795866666666665,concentration,wt_GvpW,0.13655833333333334,concentration,NN449_GvpN,0.1396033333333333,concentration,wt_GvpK,0.1556,concentration,NN457_GvpJ,0.13508333333333333,concentration,NN410_GvpG,1.1623783333333333,concentration,NN458_GvpF,0.15768000000000001,concentration,NN400_GvpA,5.823113333333333,concentration,water,0.6833333333333333,fraction
G2,puc19,22.068315,concentration,wt_GvpW,0.13655833333333334,concentration,NN449_GvpN,0.1396033333333333,concentration,wt_GvpK,0.1556,concentration,NN457_GvpJ,0.5943666666666667,concentration,NN410_GvpG,0.1535216666666667,concentration,NN458_GvpF,0.57816,concentration,NN400_GvpA,5.823113333333333,concentration,water,0.7033333333333334,fraction
G3,puc19,22.068315,concentration,wt_GvpW,0.5735450000000001,concentration,NN449_GvpN,0.1396033333333333,concentration,wt_GvpK,0.1556,concentration,NN457_GvpJ,0.13508333333333333,concentration,NN410_GvpG,0.5921550000000001,concentration,NN458_GvpF,0.15768000000000001,concentration,NN400_GvpA,5.823113333333333,concentration,water,0.6983333333333334,fraction
G4,puc19,22.068315,concentration,wt_GvpW,0.5735450000000001,concentration,NN449_GvpN,0.5783566666666667,concentration,wt_GvpK,0.1556,concentration,NN457_GvpJ,0.13508333333333333,concentration,NN410_GvpG,0.1535216666666667,concentration,NN458_GvpF,0.15768000000000001,concentration,NN400_GvpA,5.823113333333333,concentration,water,0.695,fraction
G5,puc19,21.25097,concentration,wt_GvpW,0.5735450000000001,concentration,NN449_GvpN,0.1396033333333333,concentration,wt_GvpK,0.1556,concentration,NN457_GvpJ,0.5943666666666667,concentration,NN410_GvpG,0.1535216666666667,concentration,NN458_GvpF,0.57816,concentration,NN400_GvpA,5.823113333333333,concentration,water,0.6816666666666666,fraction
G6,puc19,21.25097,concentration,wt_GvpW,0.5735450000000001,concentration,NN449_GvpN,0.1396033333333333,concentration,wt_GvpK,0.1556,concentration,NN457_GvpJ,0.5943666666666667,concentration,NN410_GvpG,0.5921550000000001,concentration,NN458_GvpF,0.15768000000000001,concentration,NN400_GvpA,5.823113333333333,concentration,water,0.675,fraction
G7,puc19,21.25097,concentration,wt_GvpW,0.5735450000000001,concentration,NN449_GvpN,0.5783566666666667,concentration,wt_GvpK,0.5705333333333333,concentration,NN457_GvpJ,0.13508333333333333,concentration,NN410_GvpG,0.1535216666666667,concentration,NN458_GvpF,0.15768000000000001,concentration,NN400_GvpA,5.823113333333333,concentration,water,0.6733333333333333,fraction
G8,puc19,34.87338666666667,concentration,wt_GvpW,0.13655833333333334,concentration,NN449_GvpN,0.1396033333333333,concentration,wt_GvpK,0.1556,concentration,NN457_GvpJ,0.13508333333333333,concentration,NN410_GvpG,0.5921550000000001,concentration,NN458_GvpF,0.15768000000000001,concentration,NN400_GvpA,1.24781,concentration,water,0.6833333333333333,fraction
G9,puc19,19.888728333333333,concentration,wt_GvpW,0.5735450000000001,concentration,NN449_GvpN,0.5783566666666667,concentration,wt_GvpK,0.5705333333333333,concentration,NN457_GvpJ,0.5943666666666667,concentration,NN410_GvpG,0.0,concentration,NN458_GvpF,0.57816,concentration,NN400_GvpA,5.823113333333333,concentration,water,0.6383333333333333,fraction
H1,puc19,22.885659999999998,concentration,wt_GvpW,0.13655833333333334,concentration,NN449_GvpN,0.1396033333333333,concentration,wt_GvpK,0.1556,concentration,NN457_GvpJ,0.13508333333333333,concentration,NN410_GvpG,0.1535216666666667,concentration,NN458_GvpF,0.57816,concentration,NN400_GvpA,5.823113333333333,concentration,water,0.7266666666666667,fraction
H10,puc19,12.260175,concentration,wt_GvpW,1.1744016666666668,concentration,NN449_GvpN,1.1766566666666665,concentration,wt_GvpK,1.167,concentration,NN457_GvpJ,1.1617166666666667,concentration,NN410_GvpG,1.1623783333333333,concentration,NN458_GvpF,1.15632,concentration,NN400_GvpA,5.823113333333333,concentration,water,0.4,fraction
H11,puc19,23.703005,concentration,wt_GvpW,0.13655833333333334,concentration,NN449_GvpN,0.1396033333333333,concentration,wt_GvpK,0.1556,concentration,NN457_GvpJ,0.13508333333333333,concentration,NN410_GvpG,0.1535216666666667,concentration,NN458_GvpF,0.07884000000000001,concentration,NN400_GvpA,5.823113333333333,concentration,water,0.7533333333333333,fraction
H12,puc19,21.523418333333332,concentration,wt_GvpW,0.13655833333333334,concentration,NN449_GvpN,0.1396033333333333,concentration,wt_GvpK,0.1556,concentration,NN457_GvpJ,0.13508333333333333,concentration,NN410_GvpG,0.1535216666666667,concentration,NN458_GvpF,1.15632,concentration,NN400_GvpA,5.823113333333333,concentration,water,0.6983333333333334,fraction
H2,puc19,22.068315,concentration,wt_GvpW,0.13655833333333334,concentration,NN449_GvpN,0.1396033333333333,concentration,wt_GvpK,0.1556,concentration,NN457_GvpJ,0.13508333333333333,concentration,NN410_GvpG,0.5921550000000001,concentration,NN458_GvpF,0.57816,concentration,NN400_GvpA,5.823113333333333,concentration,water,0.6983333333333334,fraction
H3,puc19,22.068315,concentration,wt_GvpW,0.13655833333333334,concentration,NN449_GvpN,0.5783566666666667,concentration,wt_GvpK,0.1556,concentration,NN457_GvpJ,0.13508333333333333,concentration,NN410_GvpG,0.5921550000000001,concentration,NN458_GvpF,0.15768000000000001,concentration,NN400_GvpA,5.823113333333333,concentration,water,0.6883333333333334,fraction
H4,puc19,22.068315,concentration,wt_GvpW,0.5735450000000001,concentration,NN449_GvpN,0.1396033333333333,concentration,wt_GvpK,0.5705333333333333,concentration,NN457_GvpJ,0.13508333333333333,concentration,NN410_GvpG,0.1535216666666667,concentration,NN458_GvpF,0.15768000000000001,concentration,NN400_GvpA,5.823113333333333,concentration,water,0.705,fraction
H5,puc19,21.25097,concentration,wt_GvpW,0.13655833333333334,concentration,NN449_GvpN,0.5783566666666667,concentration,wt_GvpK,0.1556,concentration,NN457_GvpJ,0.5943666666666667,concentration,NN410_GvpG,0.1535216666666667,concentration,NN458_GvpF,0.57816,concentration,NN400_GvpA,5.823113333333333,concentration,water,0.6716666666666666,fraction
H6,puc19,21.25097,concentration,wt_GvpW,0.13655833333333334,concentration,NN449_GvpN,0.5783566666666667,concentration,wt_GvpK,0.1556,concentration,NN457_GvpJ,0.5943666666666667,concentration,NN410_GvpG,0.5921550000000001,concentration,NN458_GvpF,0.15768000000000001,concentration,NN400_GvpA,5.823113333333333,concentration,water,0.665,fraction
H7,puc19,21.25097,concentration,wt_GvpW,0.5735450000000001,concentration,NN449_GvpN,0.5783566666666667,concentration,wt_GvpK,0.1556,concentration,NN457_GvpJ,0.5943666666666667,concentration,NN410_GvpG,0.1535216666666667,concentration,NN458_GvpF,0.15768000000000001,concentration,NN400_GvpA,5.823113333333333,concentration,water,0.6716666666666666,fraction
H8,puc19,34.60093833333333,concentration,wt_GvpW,0.13655833333333334,concentration,NN449_GvpN,0.1396033333333333,concentration,wt_GvpK,0.1556,concentration,NN457_GvpJ,0.13508333333333333,concentration,NN410_GvpG,0.1535216666666667,concentration,NN458_GvpF,0.57816,concentration,NN400_GvpA,1.24781,concentration,water,0.6916666666666667,fraction
H9,puc19,19.888728333333333,concentration,wt_GvpW,0.5735450000000001,concentration,NN449_GvpN,0.5783566666666667,concentration,wt_GvpK,0.5705333333333333,concentration,NN457_GvpJ,0.5943666666666667,concentration,NN410_GvpG,0.5921550000000001,concentration,NN458_GvpF,0.0,concentration,NN400_GvpA,5.823113333333333,concentration,water,0.63,fraction
