384_id,384_well,96_well,96_plate
1,A1,A1,Plate 1
2,A2,A1,Plate 2
3,A3,A2,Plate 1
4,A4,A2,Plate 2
5,A5,A3,Plate 1
6,A6,A3,Plate 2
7,A7,A4,Plate 1
8,A8,A4,Plate 2
9,A9,A5,Plate 1
10,A10,A5,Plate 2
11,A11,A6,Plate 1
12,A12,A6,Plate 2
13,A13,A7,Plate 1
14,A14,A7,Plate 2
15,A15,A8,Plate 1
16,A16,A8,Plate 2
17,A17,A9,Plate 1
18,A18,A9,Plate 2
19,A19,A10,Plate 1
20,A20,A10,Plate 2
21,A21,A11,Plate 1
22,A22,A11,Plate 2
23,A23,A12,Plate 1
24,A24,A12,Plate 2
25,B1,A1,Plate 3
26,B2,A1,Plate 4
27,B3,A2,Plate 3
28,B4,A2,Plate 4
29,B5,A3,Plate 3
30,B6,A3,Plate 4
31,B7,A4,Plate 3
32,B8,A4,Plate 4
33,B9,A5,Plate 3
34,B10,A5,Plate 4
35,B11,A6,Plate 3
36,B12,A6,Plate 4
37,B13,A7,Plate 3
38,B14,A7,Plate 4
39,B15,A8,Plate 3
40,B16,A8,Plate 4
41,B17,A9,Plate 3
42,B18,A9,Plate 4
43,B19,A10,Plate 3
44,B20,A10,Plate 4
45,B21,A11,Plate 3
46,B22,A11,Plate 4
47,B23,A12,Plate 3
48,B24,A12,Plate 4
49,C1,B1,Plate 1
50,C2,B1,Plate 2
51,C3,B2,Plate 1
52,C4,B2,Plate 2
53,C5,B3,Plate 1
54,C6,B3,Plate 2
55,C7,B4,Plate 1
56,C8,B4,Plate 2
57,C9,B5,Plate 1
58,C10,B5,Plate 2
59,C11,B6,Plate 1
60,C12,B6,Plate 2
61,C13,B7,Plate 1
62,C14,B7,Plate 2
63,C15,B8,Plate 1
64,C16,B8,Plate 2
65,C17,B9,Plate 1
66,C18,B9,Plate 2
67,C19,B10,Plate 1
68,C20,B10,Plate 2
69,C21,B11,Plate 1
70,C22,B11,Plate 2
71,C23,B12,Plate 1
72,C24,B12,Plate 2
73,D1,B1,Plate 3
74,D2,B1,Plate 4
75,D3,B2,Plate 3
76,D4,B2,Plate 4
77,D5,B3,Plate 3
78,D6,B3,Plate 4
79,D7,B4,Plate 3
80,D8,B4,Plate 4
81,D9,B5,Plate 3
82,D10,B5,Plate 4
83,D11,B6,Plate 3
84,D12,B6,Plate 4
85,D13,B7,Plate 3
86,D14,B7,Plate 4
87,D15,B8,Plate 3
88,D16,B8,Plate 4
89,D17,B9,Plate 3
90,D18,B9,Plate 4
91,D19,B10,Plate 3
92,D20,B10,Plate 4
93,D21,B11,Plate 3
94,D22,B11,Plate 4
95,D23,B12,Plate 3
96,D24,B12,Plate 4
97,E1,C1,Plate 1
98,E2,C1,Plate 2
99,E3,C2,Plate 1
100,E4,C2,Plate 2
101,E5,C3,Plate 1
102,E6,C3,Plate 2
103,E7,C4,Plate 1
104,E8,C4,Plate 2
105,E9,C5,Plate 1
106,E10,C5,Plate 2
107,E11,C6,Plate 1
108,E12,C6,Plate 2
109,E13,C7,Plate 1
110,E14,C7,Plate 2
111,E15,C8,Plate 1
112,E16,C8,Plate 2
113,E17,C9,Plate 1
114,E18,C9,Plate 2
115,E19,C10,Plate 1
116,E20,C10,Plate 2
117,E21,C11,Plate 1
118,E22,C11,Plate 2
119,E23,C12,Plate 1
120,E24,C12,Plate 2
121,F1,C1,Plate 3
122,F2,C1,Plate 4
123,F3,C2,Plate 3
124,F4,C2,Plate 4
125,F5,C3,Plate 3
126,F6,C3,Plate 4
127,F7,C4,Plate 3
128,F8,C4,Plate 4
129,F9,C5,Plate 3
130,F10,C5,Plate 4
131,F11,C6,Plate 3
132,F12,C6,Plate 4
133,F13,C7,Plate 3
134,F14,C7,Plate 4
135,F15,C8,Plate 3
136,F16,C8,Plate 4
137,F17,C9,Plate 3
138,F18,C9,Plate 4
139,F19,C10,Plate 3
140,F20,C10,Plate 4
141,F21,C11,Plate 3
142,F22,C11,Plate 4
143,F23,C12,Plate 3
144,F24,C12,Plate 4
145,G1,D1,Plate 1
146,G2,D1,Plate 2
147,G3,D2,Plate 1
148,G4,D2,Plate 2
149,G5,D3,Plate 1
150,G6,D3,Plate 2
151,G7,D4,Plate 1
152,G8,D4,Plate 2
153,G9,D5,Plate 1
154,G10,D5,Plate 2
155,G11,D6,Plate 1
156,G12,D6,Plate 2
157,G13,D7,Plate 1
158,G14,D7,Plate 2
159,G15,D8,Plate 1
160,G16,D8,Plate 2
161,G17,D9,Plate 1
162,G18,D9,Plate 2
163,G19,D10,Plate 1
164,G20,D10,Plate 2
165,G21,D11,Plate 1
166,G22,D11,Plate 2
167,G23,D12,Plate 1
168,G24,D12,Plate 2
169,H1,D1,Plate 3
170,H2,D1,Plate 4
171,H3,D2,Plate 3
172,H4,D2,Plate 4
173,H5,D3,Plate 3
174,H6,D3,Plate 4
175,H7,D4,Plate 3
176,H8,D4,Plate 4
177,H9,D5,Plate 3
178,H10,D5,Plate 4
179,H11,D6,Plate 3
180,H12,D6,Plate 4
181,H13,D7,Plate 3
182,H14,D7,Plate 4
183,H15,D8,Plate 3
184,H16,D8,Plate 4
185,H17,D9,Plate 3
186,H18,D9,Plate 4
187,H19,D10,Plate 3
188,H20,D10,Plate 4
189,H21,D11,Plate 3
190,H22,D11,Plate 4
191,H23,D12,Plate 3
192,H24,D12,Plate 4
193,I1,E1,Plate 1
194,I2,E1,Plate 2
195,I3,E2,Plate 1
196,I4,E2,Plate 2
197,I5,E3,Plate 1
198,I6,E3,Plate 2
199,I7,E4,Plate 1
200,I8,E4,Plate 2
201,I9,E5,Plate 1
202,I10,E5,Plate 2
203,I11,E6,Plate 1
204,I12,E6,Plate 2
205,I13,E7,Plate 1
206,I14,E7,Plate 2
207,I15,E8,Plate 1
208,I16,E8,Plate 2
209,I17,E9,Plate 1
210,I18,E9,Plate 2
211,I19,E10,Plate 1
212,I20,E10,Plate 2
213,I21,E11,Plate 1
214,I22,E11,Plate 2
215,I23,E12,Plate 1
216,I24,E12,Plate 2
217,J1,E1,Plate 3
218,J2,E1,Plate 4
219,J3,E2,Plate 3
220,J4,E2,Plate 4
221,J5,E3,Plate 3
222,J6,E3,Plate 4
223,J7,E4,Plate 3
224,J8,E4,Plate 4
225,J9,E5,Plate 3
226,J10,E5,Plate 4
227,J11,E6,Plate 3
228,J12,E6,Plate 4
229,J13,E7,Plate 3
230,J14,E7,Plate 4
231,J15,E8,Plate 3
232,J16,E8,Plate 4
233,J17,E9,Plate 3
234,J18,E9,Plate 4
235,J19,E10,Plate 3
236,J20,E10,Plate 4
237,J21,E11,Plate 3
238,J22,E11,Plate 4
239,J23,E12,Plate 3
240,J24,E12,Plate 4
241,K1,F1,Plate 1
242,K2,F1,Plate 2
243,K3,F2,Plate 1
244,K4,F2,Plate 2
245,K5,F3,Plate 1
246,K6,F3,Plate 2
247,K7,F4,Plate 1
248,K8,F4,Plate 2
249,K9,F5,Plate 1
250,K10,F5,Plate 2
251,K11,F6,Plate 1
252,K12,F6,Plate 2
253,K13,F7,Plate 1
254,K14,F7,Plate 2
255,K15,F8,Plate 1
256,K16,F8,Plate 2
257,K17,F9,Plate 1
258,K18,F9,Plate 2
259,K19,F10,Plate 1
260,K20,F10,Plate 2
261,K21,F11,Plate 1
262,K22,F11,Plate 2
263,K23,F12,Plate 1
264,K24,F12,Plate 2
265,L1,F1,Plate 3
266,L2,F1,Plate 4
267,L3,F2,Plate 3
268,L4,F2,Plate 4
269,L5,F3,Plate 3
270,L6,F3,Plate 4
271,L7,F4,Plate 3
272,L8,F4,Plate 4
273,L9,F5,Plate 3
274,L10,F5,Plate 4
275,L11,F6,Plate 3
276,L12,F6,Plate 4
277,L13,F7,Plate 3
278,L14,F7,Plate 4
279,L15,F8,Plate 3
280,L16,F8,Plate 4
281,L17,F9,Plate 3
282,L18,F9,Plate 4
283,L19,F10,Plate 3
284,L20,F10,Plate 4
285,L21,F11,Plate 3
286,L22,F11,Plate 4
287,L23,F12,Plate 3
288,L24,F12,Plate 4
289,M1,G1,Plate 1
290,M2,G1,Plate 2
291,M3,G2,Plate 1
292,M4,G2,Plate 2
293,M5,G3,Plate 1
294,M6,G3,Plate 2
295,M7,G4,Plate 1
296,M8,G4,Plate 2
297,M9,G5,Plate 1
298,M10,G5,Plate 2
299,M11,G6,Plate 1
300,M12,G6,Plate 2
301,M13,G7,Plate 1
302,M14,G7,Plate 2
303,M15,G8,Plate 1
304,M16,G8,Plate 2
305,M17,G9,Plate 1
306,M18,G9,Plate 2
307,M19,G10,Plate 1
308,M20,G10,Plate 2
309,M21,G11,Plate 1
310,M22,G11,Plate 2
311,M23,G12,Plate 1
312,M24,G12,Plate 2
313,N1,G1,Plate 3
314,N2,G1,Plate 4
315,N3,G2,Plate 3
316,N4,G2,Plate 4
317,N5,G3,Plate 3
318,N6,G3,Plate 4
319,N7,G4,Plate 3
320,N8,G4,Plate 4
321,N9,G5,Plate 3
322,N10,G5,Plate 4
323,N11,G6,Plate 3
324,N12,G6,Plate 4
325,N13,G7,Plate 3
326,N14,G7,Plate 4
327,N15,G8,Plate 3
328,N16,G8,Plate 4
329,N17,G9,Plate 3
330,N18,G9,Plate 4
331,N19,G10,Plate 3
332,N20,G10,Plate 4
333,N21,G11,Plate 3
334,N22,G11,Plate 4
335,N23,G12,Plate 3
336,N24,G12,Plate 4
337,O1,H1,Plate 1
338,O2,H1,Plate 2
339,O3,H2,Plate 1
340,O4,H2,Plate 2
341,O5,H3,Plate 1
342,O6,H3,Plate 2
343,O7,H4,Plate 1
344,O8,H4,Plate 2
345,O9,H5,Plate 1
346,O10,H5,Plate 2
347,O11,H6,Plate 1
348,O12,H6,Plate 2
349,O13,H7,Plate 1
350,O14,H7,Plate 2
351,O15,H8,Plate 1
352,O16,H8,Plate 2
353,O17,H9,Plate 1
354,O18,H9,Plate 2
355,O19,H10,Plate 1
356,O20,H10,Plate 2
357,O21,H11,Plate 1
358,O22,H11,Plate 2
359,O23,H12,Plate 1
360,O24,H12,Plate 2
361,P1,H1,Plate 3
362,P2,H1,Plate 4
363,P3,H2,Plate 3
364,P4,H2,Plate 4
365,P5,H3,Plate 3
366,P6,H3,Plate 4
367,P7,H4,Plate 3
368,P8,H4,Plate 4
369,P9,H5,Plate 3
370,P10,H5,Plate 4
371,P11,H6,Plate 3
372,P12,H6,Plate 4
373,P13,H7,Plate 3
374,P14,H7,Plate 4
375,P15,H8,Plate 3
376,P16,H8,Plate 4
377,P17,H9,Plate 3
378,P18,H9,Plate 4
379,P19,H10,Plate 3
380,P20,H10,Plate 4
381,P21,H11,Plate 3
382,P22,H11,Plate 4
383,P23,H12,Plate 3
384,P24,H12,Plate 4