well_id,sample_id,component_1,concentration(nM).1,component_2,concentration(nM).2,component_3,concentration(nM).3,component_4,concentration(nM).4,component_5,concentration(nM).5,component_6,concentration(nM).6,component_7,concentration(nM).7,component_8,concentration(nM).8,component_9,concentration(nM).9,offset_id
A1,s0,puc19,12.0469,m169,0.0694,m168,0.0694,m167,0.0694,m166,0.0694,m165,0.0694,m164,0.0694,m163,0.2778,m162,2.7778,1
A3,s1,puc19,12.0748,m169,0.0694,m168,0.0694,m167,0.0694,m166,0.0694,m165,0.0694,m164,0.2778,m163,0.0694,m162,2.7778,1
A5,s2,puc19,12.0462,m169,0.0694,m168,0.0694,m167,0.0694,m166,0.0694,m165,0.2778,m164,0.0694,m163,0.0694,m162,2.7778,1
A7,s3,puc19,12.0679,m169,0.0694,m168,0.0694,m167,0.0694,m166,0.2778,m165,0.0694,m164,0.0694,m163,0.0694,m162,2.7778,1
A9,s4,puc19,12.0381,m169,0.0694,m168,0.0694,m167,0.2778,m166,0.0694,m165,0.0694,m164,0.0694,m163,0.0694,m162,2.7778,1
A11,s5,puc19,12.0766,m169,0.0694,m168,0.2778,m167,0.0694,m166,0.0694,m165,0.0694,m164,0.0694,m163,0.0694,m162,2.7778,1
A13,s6,puc19,12.0514,m169,0.2778,m168,0.0694,m167,0.0694,m166,0.0694,m165,0.0694,m164,0.0694,m163,0.0694,m162,2.7778,1
A15,s7,puc19,12.4429,m169,0.0694,m168,0.0694,m167,0.0694,m166,0.0694,m165,0.0694,m164,0.0694,m163,0.0694,m162,2.7778,1
A17,s8,puc19,11.6788,m169,0.0694,m168,0.0694,m167,0.0694,m166,0.0694,m165,0.0694,m164,0.2778,m163,0.2778,m162,2.7778,1
A19,s9,puc19,11.6503,m169,0.0694,m168,0.0694,m167,0.0694,m166,0.0694,m165,0.2778,m164,0.0694,m163,0.2778,m162,2.7778,1
A21,s10,puc19,11.6719,m169,0.0694,m168,0.0694,m167,0.0694,m166,0.2778,m165,0.0694,m164,0.0694,m163,0.2778,m162,2.7778,1
A23,s11,puc19,11.6421,m169,0.0694,m168,0.0694,m167,0.2778,m166,0.0694,m165,0.0694,m164,0.0694,m163,0.2778,m162,2.7778,1
C1,s12,puc19,11.6806,m169,0.0694,m168,0.2778,m167,0.0694,m166,0.0694,m165,0.0694,m164,0.0694,m163,0.2778,m162,2.7778,1
C3,s13,puc19,11.6554,m169,0.2778,m168,0.0694,m167,0.0694,m166,0.0694,m165,0.0694,m164,0.0694,m163,0.2778,m162,2.7778,1
C5,s14,puc19,11.6781,m169,0.0694,m168,0.0694,m167,0.0694,m166,0.0694,m165,0.2778,m164,0.2778,m163,0.0694,m162,2.7778,1
C7,s15,puc19,9.7445,m169,0.2778,m168,0.2778,m167,0.2778,m166,0.2778,m165,0.2778,m164,0.2778,m163,0.2778,m162,2.7778,1
C9,s16,puc19,11.6998,m169,0.0694,m168,0.0694,m167,0.0694,m166,0.2778,m165,0.0694,m164,0.2778,m163,0.0694,m162,2.7778,1
C11,s17,puc19,11.6700,m169,0.0694,m168,0.0694,m167,0.2778,m166,0.0694,m165,0.0694,m164,0.2778,m163,0.0694,m162,2.7778,1
C13,s18,puc19,11.7085,m169,0.0694,m168,0.2778,m167,0.0694,m166,0.0694,m165,0.0694,m164,0.2778,m163,0.0694,m162,2.7778,1
C15,s19,puc19,11.6833,m169,0.2778,m168,0.0694,m167,0.0694,m166,0.0694,m165,0.0694,m164,0.2778,m163,0.0694,m162,2.7778,1
C17,s20,puc19,11.6712,m169,0.0694,m168,0.0694,m167,0.0694,m166,0.2778,m165,0.2778,m164,0.0694,m163,0.0694,m162,2.7778,1
C19,s21,puc19,11.6414,m169,0.0694,m168,0.0694,m167,0.2778,m166,0.0694,m165,0.2778,m164,0.0694,m163,0.0694,m162,2.7778,1
C21,s22,puc19,11.6799,m169,0.0694,m168,0.2778,m167,0.0694,m166,0.0694,m165,0.2778,m164,0.0694,m163,0.0694,m162,2.7778,1
C23,s23,puc19,11.6547,m169,0.2778,m168,0.0694,m167,0.0694,m166,0.0694,m165,0.2778,m164,0.0694,m163,0.0694,m162,2.7778,1
E1,s24,puc19,11.6631,m169,0.0694,m168,0.0694,m167,0.2778,m166,0.2778,m165,0.0694,m164,0.0694,m163,0.0694,m162,2.7778,1
E3,s25,puc19,11.7016,m169,0.0694,m168,0.2778,m167,0.0694,m166,0.2778,m165,0.0694,m164,0.0694,m163,0.0694,m162,2.7778,1
E5,s26,puc19,11.6764,m169,0.2778,m168,0.0694,m167,0.0694,m166,0.2778,m165,0.0694,m164,0.0694,m163,0.0694,m162,2.7778,1
E7,s27,puc19,11.6718,m169,0.0694,m168,0.2778,m167,0.2778,m166,0.0694,m165,0.0694,m164,0.0694,m163,0.0694,m162,2.7778,1
E9,s28,puc19,11.6466,m169,0.2778,m168,0.0694,m167,0.2778,m166,0.0694,m165,0.0694,m164,0.0694,m163,0.0694,m162,2.7778,1
E11,s29,puc19,11.6850,m169,0.2778,m168,0.2778,m167,0.0694,m166,0.0694,m165,0.0694,m164,0.0694,m163,0.0694,m162,2.7778,1
E13,s30,puc19,11.2822,m169,0.0694,m168,0.0694,m167,0.0694,m166,0.0694,m165,0.2778,m164,0.2778,m163,0.2778,m162,2.7778,1
E15,s31,puc19,11.7946,m169,0.0694,m168,0.0694,m167,0.0694,m166,0.2778,m165,0.0694,m164,0.0000,m163,0.2778,m162,2.7778,1
E17,s32,puc19,11.2740,m169,0.0694,m168,0.0694,m167,0.2778,m166,0.0694,m165,0.0694,m164,0.2778,m163,0.2778,m162,2.7778,1
E19,s33,puc19,11.3125,m169,0.0694,m168,0.2778,m167,0.0694,m166,0.0694,m165,0.0694,m164,0.2778,m163,0.2778,m162,2.7778,1
E21,s34,puc19,11.2873,m169,0.2778,m168,0.0694,m167,0.0694,m166,0.0694,m165,0.0694,m164,0.2778,m163,0.2778,m162,2.7778,1
E23,s35,puc19,11.2753,m169,0.0694,m168,0.0694,m167,0.0694,m166,0.2778,m165,0.2778,m164,0.0694,m163,0.2778,m162,2.7778,1
G1,s36,puc19,11.2455,m169,0.0694,m168,0.0694,m167,0.2778,m166,0.0694,m165,0.2778,m164,0.0694,m163,0.2778,m162,2.7778,1
G3,s37,puc19,12.4429,m169,0.0694,m168,0.0694,m167,0.0694,m166,0.0694,m165,0.0694,m164,0.0694,m163,0.0694,m162,2.7778,1
G5,s38,puc19,11.2840,m169,0.0694,m168,0.2778,m167,0.0694,m166,0.0694,m165,0.2778,m164,0.0694,m163,0.2778,m162,2.7778,1
G7,s39,puc19,11.2588,m169,0.2778,m168,0.0694,m167,0.0694,m166,0.0694,m165,0.2778,m164,0.0694,m163,0.2778,m162,2.7778,1
G9,s40,puc19,11.2671,m169,0.0694,m168,0.0694,m167,0.2778,m166,0.2778,m165,0.0694,m164,0.0694,m163,0.2778,m162,2.7778,1
G11,s41,puc19,11.3056,m169,0.0694,m168,0.2778,m167,0.0694,m166,0.2778,m165,0.0694,m164,0.0694,m163,0.2778,m162,2.7778,1
G13,s42,puc19,11.2804,m169,0.2778,m168,0.0694,m167,0.0694,m166,0.2778,m165,0.0694,m164,0.0694,m163,0.2778,m162,2.7778,1
G15,s43,puc19,11.2758,m169,0.0694,m168,0.2778,m167,0.2778,m166,0.0694,m165,0.0694,m164,0.0694,m163,0.2778,m162,2.7778,1
G17,s44,puc19,11.2506,m169,0.2778,m168,0.0694,m167,0.2778,m166,0.0694,m165,0.0694,m164,0.0694,m163,0.2778,m162,2.7778,1
G19,s45,puc19,9.7445,m169,0.2778,m168,0.2778,m167,0.2778,m166,0.2778,m165,0.2778,m164,0.2778,m163,0.2778,m162,2.7778,1
G21,s46,puc19,11.2891,m169,0.2778,m168,0.2778,m167,0.0694,m166,0.0694,m165,0.0694,m164,0.0694,m163,0.2778,m162,2.7778,1
G23,s47,puc19,11.3031,m169,0.0694,m168,0.0694,m167,0.0694,m166,0.2778,m165,0.2778,m164,0.2778,m163,0.0694,m162,2.7778,1
I1,s48,puc19,11.2733,m169,0.0694,m168,0.0694,m167,0.2778,m166,0.0694,m165,0.2778,m164,0.2778,m163,0.0694,m162,2.7778,1
I3,s49,puc19,11.3118,m169,0.0694,m168,0.2778,m167,0.0694,m166,0.0694,m165,0.2778,m164,0.2778,m163,0.0694,m162,2.7778,1
I5,s50,puc19,11.2866,m169,0.2778,m168,0.0694,m167,0.0694,m166,0.0694,m165,0.2778,m164,0.2778,m163,0.0694,m162,2.7778,1
I7,s51,puc19,11.2950,m169,0.0694,m168,0.0694,m167,0.2778,m166,0.2778,m165,0.0694,m164,0.2778,m163,0.0694,m162,2.7778,1
I9,s52,puc19,11.3334,m169,0.0694,m168,0.2778,m167,0.0694,m166,0.2778,m165,0.0694,m164,0.2778,m163,0.0694,m162,2.7778,1
I11,s53,puc19,11.3082,m169,0.2778,m168,0.0694,m167,0.0694,m166,0.2778,m165,0.0694,m164,0.2778,m163,0.0694,m162,2.7778,1
I13,s54,puc19,11.3037,m169,0.0694,m168,0.2778,m167,0.2778,m166,0.0694,m165,0.0694,m164,0.2778,m163,0.0694,m162,2.7778,1
I15,s55,puc19,11.2785,m169,0.2778,m168,0.0694,m167,0.2778,m166,0.0694,m165,0.0694,m164,0.2778,m163,0.0694,m162,2.7778,1
I17,s56,puc19,11.3169,m169,0.2778,m168,0.2778,m167,0.0694,m166,0.0694,m165,0.0694,m164,0.2778,m163,0.0694,m162,2.7778,1
I19,s57,puc19,11.2664,m169,0.0694,m168,0.0694,m167,0.2778,m166,0.2778,m165,0.2778,m164,0.0694,m163,0.0694,m162,2.7778,1
I21,s58,puc19,11.3049,m169,0.0694,m168,0.2778,m167,0.0694,m166,0.2778,m165,0.2778,m164,0.0694,m163,0.0694,m162,2.7778,1
I23,s59,puc19,11.2797,m169,0.2778,m168,0.0694,m167,0.0694,m166,0.2778,m165,0.2778,m164,0.0694,m163,0.0694,m162,2.7778,1
K1,s60,puc19,11.2751,m169,0.0694,m168,0.2778,m167,0.2778,m166,0.0694,m165,0.2778,m164,0.0694,m163,0.0694,m162,2.7778,1
K3,s61,puc19,11.2499,m169,0.2778,m168,0.0694,m167,0.2778,m166,0.0694,m165,0.2778,m164,0.0694,m163,0.0694,m162,2.7778,1
K5,s62,puc19,11.2884,m169,0.2778,m168,0.2778,m167,0.0694,m166,0.0694,m165,0.2778,m164,0.0694,m163,0.0694,m162,2.7778,1
K7,s63,puc19,11.2968,m169,0.0694,m168,0.2778,m167,0.2778,m166,0.2778,m165,0.0694,m164,0.0694,m163,0.0694,m162,2.7778,1
K9,s64,puc19,11.2716,m169,0.2778,m168,0.0694,m167,0.2778,m166,0.2778,m165,0.0694,m164,0.0694,m163,0.0694,m162,2.7778,1
K11,s65,puc19,11.3100,m169,0.2778,m168,0.2778,m167,0.0694,m166,0.2778,m165,0.0694,m164,0.0694,m163,0.0694,m162,2.7778,1
K13,s66,puc19,11.2802,m169,0.2778,m168,0.2778,m167,0.2778,m166,0.0694,m165,0.0694,m164,0.0694,m163,0.0694,m162,2.7778,1
K15,s67,puc19,12.4429,m169,0.0694,m168,0.0694,m167,0.0694,m166,0.0694,m165,0.0694,m164,0.0694,m163,0.0694,m162,2.7778,1
K17,s68,puc19,10.2724,m169,0.2778,m168,0.2778,m167,0.2778,m166,0.2778,m165,0.2778,m164,0.2778,m163,0.0000,m162,2.7778,1
K19,s69,puc19,10.2353,m169,0.2778,m168,0.2778,m167,0.2778,m166,0.2778,m165,0.2778,m164,0.0000,m163,0.2778,m162,2.7778,1
K21,s70,puc19,10.2734,m169,0.2778,m168,0.2778,m167,0.2778,m166,0.2778,m165,0.0000,m164,0.2778,m163,0.2778,m162,2.7778,1
K23,s71,puc19,10.2445,m169,0.2778,m168,0.2778,m167,0.2778,m166,0.0000,m165,0.2778,m164,0.2778,m163,0.2778,m162,2.7778,1
M1,s72,puc19,10.2842,m169,0.2778,m168,0.2778,m167,0.0000,m166,0.2778,m165,0.2778,m164,0.2778,m163,0.2778,m162,2.7778,1
M3,s73,puc19,10.2329,m169,0.2778,m168,0.0000,m167,0.2778,m166,0.2778,m165,0.2778,m164,0.2778,m163,0.2778,m162,2.7778,1
M5,s74,puc19,10.2665,m169,0.0000,m168,0.2778,m167,0.2778,m166,0.2778,m165,0.2778,m164,0.2778,m163,0.2778,m162,2.7778,1
M7,s75,puc19,9.7445,m169,0.2778,m168,0.2778,m167,0.2778,m166,0.2778,m165,0.2778,m164,0.2778,m163,0.2778,m162,2.7778,1
M9,s76,puc19,6.1466,m169,0.5556,m168,0.5556,m167,0.5556,m166,0.5556,m165,0.5556,m164,0.5556,m163,0.5556,m162,2.7778,1
M11,s77,puc19,16.7690,m169,0.0694,m168,0.0000,m167,0.0694,m166,0.0694,m165,0.0694,m164,0.0694,m163,0.2778,m162,0.5556,1
M13,s78,puc19,16.7969,m169,0.0694,m168,0.0000,m167,0.0694,m166,0.0694,m165,0.0694,m164,0.2778,m163,0.0694,m162,0.5556,1
M15,s79,puc19,16.7683,m169,0.0694,m168,0.0000,m167,0.0694,m166,0.0694,m165,0.2778,m164,0.0694,m163,0.0694,m162,0.5556,1
M17,s80,puc19,16.7900,m169,0.0694,m168,0.0000,m167,0.0694,m166,0.2778,m165,0.0694,m164,0.0694,m163,0.0694,m162,0.5556,1
M19,s81,puc19,16.7602,m169,0.0694,m168,0.0000,m167,0.2778,m166,0.0694,m165,0.0694,m164,0.0694,m163,0.0694,m162,0.5556,1
M21,s82,puc19,16.7735,m169,0.2778,m168,0.0000,m167,0.0694,m166,0.0694,m165,0.0694,m164,0.0694,m163,0.0694,m162,0.5556,1
M23,s83,puc19,15.2289,m169,0.2778,m168,0.0000,m167,0.2778,m166,0.2778,m165,0.2778,m164,0.2778,m163,0.0694,m162,0.5556,1
O1,s84,puc19,15.2010,m169,0.2778,m168,0.0000,m167,0.2778,m166,0.2778,m165,0.2778,m164,0.0694,m163,0.2778,m162,0.5556,1
O3,s85,puc19,15.2296,m169,0.2778,m168,0.0000,m167,0.2778,m166,0.2778,m165,0.0694,m164,0.2778,m163,0.2778,m162,0.5556,1
O5,s86,puc19,15.2079,m169,0.2778,m168,0.0000,m167,0.2778,m166,0.0694,m165,0.2778,m164,0.2778,m163,0.2778,m162,0.5556,1
O7,s87,puc19,15.2377,m169,0.2778,m168,0.0000,m167,0.0694,m166,0.2778,m165,0.2778,m164,0.2778,m163,0.2778,m162,0.5556,1
O9,s88,puc19,15.2245,m169,0.0694,m168,0.0000,m167,0.2778,m166,0.2778,m165,0.2778,m164,0.2778,m163,0.2778,m162,0.5556,1
O11,s89,puc19,10.1405,m169,0.2778,m168,0.2778,m167,0.2778,m166,0.2778,m165,0.2778,m164,0.2778,m163,0.0694,m162,2.7778,1
O13,s90,puc19,10.1126,m169,0.2778,m168,0.2778,m167,0.2778,m166,0.2778,m165,0.2778,m164,0.0694,m163,0.2778,m162,2.7778,1
O15,s91,puc19,10.1412,m169,0.2778,m168,0.2778,m167,0.2778,m166,0.2778,m165,0.0694,m164,0.2778,m163,0.2778,m162,2.7778,1
O17,s92,puc19,10.1195,m169,0.2778,m168,0.2778,m167,0.2778,m166,0.0694,m165,0.2778,m164,0.2778,m163,0.2778,m162,2.7778,1
O19,s93,puc19,10.1493,m169,0.2778,m168,0.2778,m167,0.0694,m166,0.2778,m165,0.2778,m164,0.2778,m163,0.2778,m162,2.7778,1
O21,s94,puc19,10.1108,m169,0.2778,m168,0.0694,m167,0.2778,m166,0.2778,m165,0.2778,m164,0.2778,m163,0.2778,m162,2.7778,1
O23,s95,puc19,10.1360,m169,0.0694,m168,0.2778,m167,0.2778,m166,0.2778,m165,0.2778,m164,0.2778,m163,0.2778,m162,2.7778,1
A2,s80,puc19,16.7900,m169,0.0694,m168,0.0000,m167,0.0694,m166,0.2778,m165,0.0694,m164,0.0694,m163,0.0694,m162,0.5556,2
A4,s77,puc19,16.7690,m169,0.0694,m168,0.0000,m167,0.0694,m166,0.0694,m165,0.0694,m164,0.0694,m163,0.2778,m162,0.5556,2
A6,s73,puc19,10.2329,m169,0.2778,m168,0.0000,m167,0.2778,m166,0.2778,m165,0.2778,m164,0.2778,m163,0.2778,m162,2.7778,2
A8,s94,puc19,10.1108,m169,0.2778,m168,0.0694,m167,0.2778,m166,0.2778,m165,0.2778,m164,0.2778,m163,0.2778,m162,2.7778,2
A10,s33,puc19,11.3125,m169,0.0694,m168,0.2778,m167,0.0694,m166,0.0694,m165,0.0694,m164,0.2778,m163,0.2778,m162,2.7778,2
A12,s79,puc19,16.7683,m169,0.0694,m168,0.0000,m167,0.0694,m166,0.0694,m165,0.2778,m164,0.0694,m163,0.0694,m162,0.5556,2
A14,s69,puc19,10.2353,m169,0.2778,m168,0.2778,m167,0.2778,m166,0.2778,m165,0.2778,m164,0.0000,m163,0.2778,m162,2.7778,2
A16,s42,puc19,11.2804,m169,0.2778,m168,0.0694,m167,0.0694,m166,0.2778,m165,0.0694,m164,0.0694,m163,0.2778,m162,2.7778,2
A18,s0,puc19,12.0469,m169,0.0694,m168,0.0694,m167,0.0694,m166,0.0694,m165,0.0694,m164,0.0694,m163,0.2778,m162,2.7778,2
A20,s10,puc19,11.6719,m169,0.0694,m168,0.0694,m167,0.0694,m166,0.2778,m165,0.0694,m164,0.0694,m163,0.2778,m162,2.7778,2
A22,s64,puc19,11.2716,m169,0.2778,m168,0.0694,m167,0.2778,m166,0.2778,m165,0.0694,m164,0.0694,m163,0.0694,m162,2.7778,2
A24,s30,puc19,11.2822,m169,0.0694,m168,0.0694,m167,0.0694,m166,0.0694,m165,0.2778,m164,0.2778,m163,0.2778,m162,2.7778,2
C2,s18,puc19,11.7085,m169,0.0694,m168,0.2778,m167,0.0694,m166,0.0694,m165,0.0694,m164,0.2778,m163,0.0694,m162,2.7778,2
C4,s4,puc19,12.0381,m169,0.0694,m168,0.0694,m167,0.2778,m166,0.0694,m165,0.0694,m164,0.0694,m163,0.0694,m162,2.7778,2
C6,s31,puc19,11.7946,m169,0.0694,m168,0.0694,m167,0.0694,m166,0.2778,m165,0.0694,m164,0.0000,m163,0.2778,m162,2.7778,2
C8,s26,puc19,11.6764,m169,0.2778,m168,0.0694,m167,0.0694,m166,0.2778,m165,0.0694,m164,0.0694,m163,0.0694,m162,2.7778,2
C10,s12,puc19,11.6806,m169,0.0694,m168,0.2778,m167,0.0694,m166,0.0694,m165,0.0694,m164,0.0694,m163,0.2778,m162,2.7778,2
C12,s22,puc19,11.6799,m169,0.0694,m168,0.2778,m167,0.0694,m166,0.0694,m165,0.2778,m164,0.0694,m163,0.0694,m162,2.7778,2
C14,s53,puc19,11.3082,m169,0.2778,m168,0.0694,m167,0.0694,m166,0.2778,m165,0.0694,m164,0.2778,m163,0.0694,m162,2.7778,2
C16,s85,puc19,15.2296,m169,0.2778,m168,0.0000,m167,0.2778,m166,0.2778,m165,0.0694,m164,0.2778,m163,0.2778,m162,0.5556,2
C18,s40,puc19,11.2671,m169,0.0694,m168,0.0694,m167,0.2778,m166,0.2778,m165,0.0694,m164,0.0694,m163,0.2778,m162,2.7778,2
C20,s67,puc19,12.4429,m169,0.0694,m168,0.0694,m167,0.0694,m166,0.0694,m165,0.0694,m164,0.0694,m163,0.0694,m162,2.7778,2
C22,s15,puc19,9.7445,m169,0.2778,m168,0.2778,m167,0.2778,m166,0.2778,m165,0.2778,m164,0.2778,m163,0.2778,m162,2.7778,2
C24,s68,puc19,10.2724,m169,0.2778,m168,0.2778,m167,0.2778,m166,0.2778,m165,0.2778,m164,0.2778,m163,0.0000,m162,2.7778,2
E2,s88,puc19,15.2245,m169,0.0694,m168,0.0000,m167,0.2778,m166,0.2778,m165,0.2778,m164,0.2778,m163,0.2778,m162,0.5556,2
E4,s9,puc19,11.6503,m169,0.0694,m168,0.0694,m167,0.0694,m166,0.0694,m165,0.2778,m164,0.0694,m163,0.2778,m162,2.7778,2
E6,s39,puc19,11.2588,m169,0.2778,m168,0.0694,m167,0.0694,m166,0.0694,m165,0.2778,m164,0.0694,m163,0.2778,m162,2.7778,2
E8,s11,puc19,11.6421,m169,0.0694,m168,0.0694,m167,0.2778,m166,0.0694,m165,0.0694,m164,0.0694,m163,0.2778,m162,2.7778,2
E10,s45,puc19,9.7445,m169,0.2778,m168,0.2778,m167,0.2778,m166,0.2778,m165,0.2778,m164,0.2778,m163,0.2778,m162,2.7778,2
E12,s55,puc19,11.2785,m169,0.2778,m168,0.0694,m167,0.2778,m166,0.0694,m165,0.0694,m164,0.2778,m163,0.0694,m162,2.7778,2
E14,s28,puc19,11.6466,m169,0.2778,m168,0.0694,m167,0.2778,m166,0.0694,m165,0.0694,m164,0.0694,m163,0.0694,m162,2.7778,2
E16,s72,puc19,10.2842,m169,0.2778,m168,0.2778,m167,0.0000,m166,0.2778,m165,0.2778,m164,0.2778,m163,0.2778,m162,2.7778,2
E18,s70,puc19,10.2734,m169,0.2778,m168,0.2778,m167,0.2778,m166,0.2778,m165,0.0000,m164,0.2778,m163,0.2778,m162,2.7778,2
E20,s5,puc19,12.0766,m169,0.0694,m168,0.2778,m167,0.0694,m166,0.0694,m165,0.0694,m164,0.0694,m163,0.0694,m162,2.7778,2
E22,s44,puc19,11.2506,m169,0.2778,m168,0.0694,m167,0.2778,m166,0.0694,m165,0.0694,m164,0.0694,m163,0.2778,m162,2.7778,2
E24,s49,puc19,11.3118,m169,0.0694,m168,0.2778,m167,0.0694,m166,0.0694,m165,0.2778,m164,0.2778,m163,0.0694,m162,2.7778,2
G2,s35,puc19,11.2753,m169,0.0694,m168,0.0694,m167,0.0694,m166,0.2778,m165,0.2778,m164,0.0694,m163,0.2778,m162,2.7778,2
G4,s16,puc19,11.6998,m169,0.0694,m168,0.0694,m167,0.0694,m166,0.2778,m165,0.0694,m164,0.2778,m163,0.0694,m162,2.7778,2
G6,s47,puc19,11.3031,m169,0.0694,m168,0.0694,m167,0.0694,m166,0.2778,m165,0.2778,m164,0.2778,m163,0.0694,m162,2.7778,2
G8,s34,puc19,11.2873,m169,0.2778,m168,0.0694,m167,0.0694,m166,0.0694,m165,0.0694,m164,0.2778,m163,0.2778,m162,2.7778,2
G10,s7,puc19,12.4429,m169,0.0694,m168,0.0694,m167,0.0694,m166,0.0694,m165,0.0694,m164,0.0694,m163,0.0694,m162,2.7778,2
G12,s91,puc19,10.1412,m169,0.2778,m168,0.2778,m167,0.2778,m166,0.2778,m165,0.0694,m164,0.2778,m163,0.2778,m162,2.7778,2
G14,s27,puc19,11.6718,m169,0.0694,m168,0.2778,m167,0.2778,m166,0.0694,m165,0.0694,m164,0.0694,m163,0.0694,m162,2.7778,2
G16,s19,puc19,11.6833,m169,0.2778,m168,0.0694,m167,0.0694,m166,0.0694,m165,0.0694,m164,0.2778,m163,0.0694,m162,2.7778,2
G18,s78,puc19,16.7969,m169,0.0694,m168,0.0000,m167,0.0694,m166,0.0694,m165,0.0694,m164,0.2778,m163,0.0694,m162,0.5556,2
G20,s25,puc19,11.7016,m169,0.0694,m168,0.2778,m167,0.0694,m166,0.2778,m165,0.0694,m164,0.0694,m163,0.0694,m162,2.7778,2
G22,s89,puc19,10.1405,m169,0.2778,m168,0.2778,m167,0.2778,m166,0.2778,m165,0.2778,m164,0.2778,m163,0.0694,m162,2.7778,2
G24,s13,puc19,11.6554,m169,0.2778,m168,0.0694,m167,0.0694,m166,0.0694,m165,0.0694,m164,0.0694,m163,0.2778,m162,2.7778,2
I2,s24,puc19,11.6631,m169,0.0694,m168,0.0694,m167,0.2778,m166,0.2778,m165,0.0694,m164,0.0694,m163,0.0694,m162,2.7778,2
I4,s3,puc19,12.0679,m169,0.0694,m168,0.0694,m167,0.0694,m166,0.2778,m165,0.0694,m164,0.0694,m163,0.0694,m162,2.7778,2
I6,s17,puc19,11.6700,m169,0.0694,m168,0.0694,m167,0.2778,m166,0.0694,m165,0.0694,m164,0.2778,m163,0.0694,m162,2.7778,2
I8,s38,puc19,11.2840,m169,0.0694,m168,0.2778,m167,0.0694,m166,0.0694,m165,0.2778,m164,0.0694,m163,0.2778,m162,2.7778,2
I10,s8,puc19,11.6788,m169,0.0694,m168,0.0694,m167,0.0694,m166,0.0694,m165,0.0694,m164,0.2778,m163,0.2778,m162,2.7778,2
I12,s75,puc19,9.7445,m169,0.2778,m168,0.2778,m167,0.2778,m166,0.2778,m165,0.2778,m164,0.2778,m163,0.2778,m162,2.7778,2
I14,s6,puc19,12.0514,m169,0.2778,m168,0.0694,m167,0.0694,m166,0.0694,m165,0.0694,m164,0.0694,m163,0.0694,m162,2.7778,2
I16,s62,puc19,11.2884,m169,0.2778,m168,0.2778,m167,0.0694,m166,0.0694,m165,0.2778,m164,0.0694,m163,0.0694,m162,2.7778,2
I18,s36,puc19,11.2455,m169,0.0694,m168,0.0694,m167,0.2778,m166,0.0694,m165,0.2778,m164,0.0694,m163,0.2778,m162,2.7778,2
I20,s84,puc19,15.2010,m169,0.2778,m168,0.0000,m167,0.2778,m166,0.2778,m165,0.2778,m164,0.0694,m163,0.2778,m162,0.5556,2
I22,s56,puc19,11.3169,m169,0.2778,m168,0.2778,m167,0.0694,m166,0.0694,m165,0.0694,m164,0.2778,m163,0.0694,m162,2.7778,2
I24,s95,puc19,10.1360,m169,0.0694,m168,0.2778,m167,0.2778,m166,0.2778,m165,0.2778,m164,0.2778,m163,0.2778,m162,2.7778,2
K2,s54,puc19,11.3037,m169,0.0694,m168,0.2778,m167,0.2778,m166,0.0694,m165,0.0694,m164,0.2778,m163,0.0694,m162,2.7778,2
K4,s43,puc19,11.2758,m169,0.0694,m168,0.2778,m167,0.2778,m166,0.0694,m165,0.0694,m164,0.0694,m163,0.2778,m162,2.7778,2
K6,s50,puc19,11.2866,m169,0.2778,m168,0.0694,m167,0.0694,m166,0.0694,m165,0.2778,m164,0.2778,m163,0.0694,m162,2.7778,2
K8,s65,puc19,11.3100,m169,0.2778,m168,0.2778,m167,0.0694,m166,0.2778,m165,0.0694,m164,0.0694,m163,0.0694,m162,2.7778,2
K10,s46,puc19,11.2891,m169,0.2778,m168,0.2778,m167,0.0694,m166,0.0694,m165,0.0694,m164,0.0694,m163,0.2778,m162,2.7778,2
K12,s66,puc19,11.2802,m169,0.2778,m168,0.2778,m167,0.2778,m166,0.0694,m165,0.0694,m164,0.0694,m163,0.0694,m162,2.7778,2
K14,s61,puc19,11.2499,m169,0.2778,m168,0.0694,m167,0.2778,m166,0.0694,m165,0.2778,m164,0.0694,m163,0.0694,m162,2.7778,2
K16,s93,puc19,10.1493,m169,0.2778,m168,0.2778,m167,0.0694,m166,0.2778,m165,0.2778,m164,0.2778,m163,0.2778,m162,2.7778,2
K18,s76,puc19,6.1466,m169,0.5556,m168,0.5556,m167,0.5556,m166,0.5556,m165,0.5556,m164,0.5556,m163,0.5556,m162,2.7778,2
K20,s41,puc19,11.3056,m169,0.0694,m168,0.2778,m167,0.0694,m166,0.2778,m165,0.0694,m164,0.0694,m163,0.2778,m162,2.7778,2
K22,s58,puc19,11.3049,m169,0.0694,m168,0.2778,m167,0.0694,m166,0.2778,m165,0.2778,m164,0.0694,m163,0.0694,m162,2.7778,2
K24,s48,puc19,11.2733,m169,0.0694,m168,0.0694,m167,0.2778,m166,0.0694,m165,0.2778,m164,0.2778,m163,0.0694,m162,2.7778,2
M2,s83,puc19,15.2289,m169,0.2778,m168,0.0000,m167,0.2778,m166,0.2778,m165,0.2778,m164,0.2778,m163,0.0694,m162,0.5556,2
M4,s57,puc19,11.2664,m169,0.0694,m168,0.0694,m167,0.2778,m166,0.2778,m165,0.2778,m164,0.0694,m163,0.0694,m162,2.7778,2
M6,s32,puc19,11.2740,m169,0.0694,m168,0.0694,m167,0.2778,m166,0.0694,m165,0.0694,m164,0.2778,m163,0.2778,m162,2.7778,2
M8,s90,puc19,10.1126,m169,0.2778,m168,0.2778,m167,0.2778,m166,0.2778,m165,0.2778,m164,0.0694,m163,0.2778,m162,2.7778,2
M10,s59,puc19,11.2797,m169,0.2778,m168,0.0694,m167,0.0694,m166,0.2778,m165,0.2778,m164,0.0694,m163,0.0694,m162,2.7778,2
M12,s63,puc19,11.2968,m169,0.0694,m168,0.2778,m167,0.2778,m166,0.2778,m165,0.0694,m164,0.0694,m163,0.0694,m162,2.7778,2
M14,s81,puc19,16.7602,m169,0.0694,m168,0.0000,m167,0.2778,m166,0.0694,m165,0.0694,m164,0.0694,m163,0.0694,m162,0.5556,2
M16,s37,puc19,12.4429,m169,0.0694,m168,0.0694,m167,0.0694,m166,0.0694,m165,0.0694,m164,0.0694,m163,0.0694,m162,2.7778,2
M18,s29,puc19,11.6850,m169,0.2778,m168,0.2778,m167,0.0694,m166,0.0694,m165,0.0694,m164,0.0694,m163,0.0694,m162,2.7778,2
M20,s1,puc19,12.0748,m169,0.0694,m168,0.0694,m167,0.0694,m166,0.0694,m165,0.0694,m164,0.2778,m163,0.0694,m162,2.7778,2
M22,s52,puc19,11.3334,m169,0.0694,m168,0.2778,m167,0.0694,m166,0.2778,m165,0.0694,m164,0.2778,m163,0.0694,m162,2.7778,2
M24,s21,puc19,11.6414,m169,0.0694,m168,0.0694,m167,0.2778,m166,0.0694,m165,0.2778,m164,0.0694,m163,0.0694,m162,2.7778,2
O2,s2,puc19,12.0462,m169,0.0694,m168,0.0694,m167,0.0694,m166,0.0694,m165,0.2778,m164,0.0694,m163,0.0694,m162,2.7778,2
O4,s23,puc19,11.6547,m169,0.2778,m168,0.0694,m167,0.0694,m166,0.0694,m165,0.2778,m164,0.0694,m163,0.0694,m162,2.7778,2
O6,s87,puc19,15.2377,m169,0.2778,m168,0.0000,m167,0.0694,m166,0.2778,m165,0.2778,m164,0.2778,m163,0.2778,m162,0.5556,2
O8,s74,puc19,10.2665,m169,0.0000,m168,0.2778,m167,0.2778,m166,0.2778,m165,0.2778,m164,0.2778,m163,0.2778,m162,2.7778,2
O10,s86,puc19,15.2079,m169,0.2778,m168,0.0000,m167,0.2778,m166,0.0694,m165,0.2778,m164,0.2778,m163,0.2778,m162,0.5556,2
O12,s82,puc19,16.7735,m169,0.2778,m168,0.0000,m167,0.0694,m166,0.0694,m165,0.0694,m164,0.0694,m163,0.0694,m162,0.5556,2
O14,s20,puc19,11.6712,m169,0.0694,m168,0.0694,m167,0.0694,m166,0.2778,m165,0.2778,m164,0.0694,m163,0.0694,m162,2.7778,2
O16,s60,puc19,11.2751,m169,0.0694,m168,0.2778,m167,0.2778,m166,0.0694,m165,0.2778,m164,0.0694,m163,0.0694,m162,2.7778,2
O18,s71,puc19,10.2445,m169,0.2778,m168,0.2778,m167,0.2778,m166,0.0000,m165,0.2778,m164,0.2778,m163,0.2778,m162,2.7778,2
O20,s14,puc19,11.6781,m169,0.0694,m168,0.0694,m167,0.0694,m166,0.0694,m165,0.2778,m164,0.2778,m163,0.0694,m162,2.7778,2
O22,s92,puc19,10.1195,m169,0.2778,m168,0.2778,m167,0.2778,m166,0.0694,m165,0.2778,m164,0.2778,m163,0.2778,m162,2.7778,2
O24,s51,puc19,11.2950,m169,0.0694,m168,0.0694,m167,0.2778,m166,0.2778,m165,0.0694,m164,0.2778,m163,0.0694,m162,2.7778,2
B1,s20,puc19,11.6712,m169,0.0694,m168,0.0694,m167,0.0694,m166,0.2778,m165,0.2778,m164,0.0694,m163,0.0694,m162,2.7778,3
B3,s2,puc19,12.0462,m169,0.0694,m168,0.0694,m167,0.0694,m166,0.0694,m165,0.2778,m164,0.0694,m163,0.0694,m162,2.7778,3
B5,s15,puc19,9.7445,m169,0.2778,m168,0.2778,m167,0.2778,m166,0.2778,m165,0.2778,m164,0.2778,m163,0.2778,m162,2.7778,3
B7,s22,puc19,11.6799,m169,0.0694,m168,0.2778,m167,0.0694,m166,0.0694,m165,0.2778,m164,0.0694,m163,0.0694,m162,2.7778,3
B9,s55,puc19,11.2785,m169,0.2778,m168,0.0694,m167,0.2778,m166,0.0694,m165,0.0694,m164,0.2778,m163,0.0694,m162,2.7778,3
B11,s57,puc19,11.2664,m169,0.0694,m168,0.0694,m167,0.2778,m166,0.2778,m165,0.2778,m164,0.0694,m163,0.0694,m162,2.7778,3
B13,s67,puc19,12.4429,m169,0.0694,m168,0.0694,m167,0.0694,m166,0.0694,m165,0.0694,m164,0.0694,m163,0.0694,m162,2.7778,3
B15,s62,puc19,11.2884,m169,0.2778,m168,0.2778,m167,0.0694,m166,0.0694,m165,0.2778,m164,0.0694,m163,0.0694,m162,2.7778,3
B17,s11,puc19,11.6421,m169,0.0694,m168,0.0694,m167,0.2778,m166,0.0694,m165,0.0694,m164,0.0694,m163,0.2778,m162,2.7778,3
B19,s76,puc19,6.1466,m169,0.5556,m168,0.5556,m167,0.5556,m166,0.5556,m165,0.5556,m164,0.5556,m163,0.5556,m162,2.7778,3
B21,s9,puc19,11.6503,m169,0.0694,m168,0.0694,m167,0.0694,m166,0.0694,m165,0.2778,m164,0.0694,m163,0.2778,m162,2.7778,3
B23,s38,puc19,11.2840,m169,0.0694,m168,0.2778,m167,0.0694,m166,0.0694,m165,0.2778,m164,0.0694,m163,0.2778,m162,2.7778,3
D1,s82,puc19,16.7735,m169,0.2778,m168,0.0000,m167,0.0694,m166,0.0694,m165,0.0694,m164,0.0694,m163,0.0694,m162,0.5556,3
D3,s0,puc19,12.0469,m169,0.0694,m168,0.0694,m167,0.0694,m166,0.0694,m165,0.0694,m164,0.0694,m163,0.2778,m162,2.7778,3
D5,s85,puc19,15.2296,m169,0.2778,m168,0.0000,m167,0.2778,m166,0.2778,m165,0.0694,m164,0.2778,m163,0.2778,m162,0.5556,3
D7,s13,puc19,11.6554,m169,0.2778,m168,0.0694,m167,0.0694,m166,0.0694,m165,0.0694,m164,0.0694,m163,0.2778,m162,2.7778,3
D9,s5,puc19,12.0766,m169,0.0694,m168,0.2778,m167,0.0694,m166,0.0694,m165,0.0694,m164,0.0694,m163,0.0694,m162,2.7778,3
D11,s1,puc19,12.0748,m169,0.0694,m168,0.0694,m167,0.0694,m166,0.0694,m165,0.0694,m164,0.2778,m163,0.0694,m162,2.7778,3
D13,s56,puc19,11.3169,m169,0.2778,m168,0.2778,m167,0.0694,m166,0.0694,m165,0.0694,m164,0.2778,m163,0.0694,m162,2.7778,3
D15,s84,puc19,15.2010,m169,0.2778,m168,0.0000,m167,0.2778,m166,0.2778,m165,0.2778,m164,0.0694,m163,0.2778,m162,0.5556,3
D17,s44,puc19,11.2506,m169,0.2778,m168,0.0694,m167,0.2778,m166,0.0694,m165,0.0694,m164,0.0694,m163,0.2778,m162,2.7778,3
D19,s12,puc19,11.6806,m169,0.0694,m168,0.2778,m167,0.0694,m166,0.0694,m165,0.0694,m164,0.0694,m163,0.2778,m162,2.7778,3
D21,s78,puc19,16.7969,m169,0.0694,m168,0.0000,m167,0.0694,m166,0.0694,m165,0.0694,m164,0.2778,m163,0.0694,m162,0.5556,3
D23,s90,puc19,10.1126,m169,0.2778,m168,0.2778,m167,0.2778,m166,0.2778,m165,0.2778,m164,0.0694,m163,0.2778,m162,2.7778,3
F1,s37,puc19,12.4429,m169,0.0694,m168,0.0694,m167,0.0694,m166,0.0694,m165,0.0694,m164,0.0694,m163,0.0694,m162,2.7778,3
F3,s88,puc19,15.2245,m169,0.0694,m168,0.0000,m167,0.2778,m166,0.2778,m165,0.2778,m164,0.2778,m163,0.2778,m162,0.5556,3
F5,s93,puc19,10.1493,m169,0.2778,m168,0.2778,m167,0.0694,m166,0.2778,m165,0.2778,m164,0.2778,m163,0.2778,m162,2.7778,3
F7,s54,puc19,11.3037,m169,0.0694,m168,0.2778,m167,0.2778,m166,0.0694,m165,0.0694,m164,0.2778,m163,0.0694,m162,2.7778,3
F9,s80,puc19,16.7900,m169,0.0694,m168,0.0000,m167,0.0694,m166,0.2778,m165,0.0694,m164,0.0694,m163,0.0694,m162,0.5556,3
F11,s46,puc19,11.2891,m169,0.2778,m168,0.2778,m167,0.0694,m166,0.0694,m165,0.0694,m164,0.0694,m163,0.2778,m162,2.7778,3
F13,s8,puc19,11.6788,m169,0.0694,m168,0.0694,m167,0.0694,m166,0.0694,m165,0.0694,m164,0.2778,m163,0.2778,m162,2.7778,3
F15,s33,puc19,11.3125,m169,0.0694,m168,0.2778,m167,0.0694,m166,0.0694,m165,0.0694,m164,0.2778,m163,0.2778,m162,2.7778,3
F17,s45,puc19,9.7445,m169,0.2778,m168,0.2778,m167,0.2778,m166,0.2778,m165,0.2778,m164,0.2778,m163,0.2778,m162,2.7778,3
F19,s19,puc19,11.6833,m169,0.2778,m168,0.0694,m167,0.0694,m166,0.0694,m165,0.0694,m164,0.2778,m163,0.0694,m162,2.7778,3
F21,s14,puc19,11.6781,m169,0.0694,m168,0.0694,m167,0.0694,m166,0.0694,m165,0.2778,m164,0.2778,m163,0.0694,m162,2.7778,3
F23,s89,puc19,10.1405,m169,0.2778,m168,0.2778,m167,0.2778,m166,0.2778,m165,0.2778,m164,0.2778,m163,0.0694,m162,2.7778,3
H1,s91,puc19,10.1412,m169,0.2778,m168,0.2778,m167,0.2778,m166,0.2778,m165,0.0694,m164,0.2778,m163,0.2778,m162,2.7778,3
H3,s39,puc19,11.2588,m169,0.2778,m168,0.0694,m167,0.0694,m166,0.0694,m165,0.2778,m164,0.0694,m163,0.2778,m162,2.7778,3
H5,s24,puc19,11.6631,m169,0.0694,m168,0.0694,m167,0.2778,m166,0.2778,m165,0.0694,m164,0.0694,m163,0.0694,m162,2.7778,3
H7,s6,puc19,12.0514,m169,0.2778,m168,0.0694,m167,0.0694,m166,0.0694,m165,0.0694,m164,0.0694,m163,0.0694,m162,2.7778,3
H9,s72,puc19,10.2842,m169,0.2778,m168,0.2778,m167,0.0000,m166,0.2778,m165,0.2778,m164,0.2778,m163,0.2778,m162,2.7778,3
H11,s23,puc19,11.6547,m169,0.2778,m168,0.0694,m167,0.0694,m166,0.0694,m165,0.2778,m164,0.0694,m163,0.0694,m162,2.7778,3
H13,s18,puc19,11.7085,m169,0.0694,m168,0.2778,m167,0.0694,m166,0.0694,m165,0.0694,m164,0.2778,m163,0.0694,m162,2.7778,3
H15,s42,puc19,11.2804,m169,0.2778,m168,0.0694,m167,0.0694,m166,0.2778,m165,0.0694,m164,0.0694,m163,0.2778,m162,2.7778,3
H17,s87,puc19,15.2377,m169,0.2778,m168,0.0000,m167,0.0694,m166,0.2778,m165,0.2778,m164,0.2778,m163,0.2778,m162,0.5556,3
H19,s83,puc19,15.2289,m169,0.2778,m168,0.0000,m167,0.2778,m166,0.2778,m165,0.2778,m164,0.2778,m163,0.0694,m162,0.5556,3
H21,s31,puc19,11.7946,m169,0.0694,m168,0.0694,m167,0.0694,m166,0.2778,m165,0.0694,m164,0.0000,m163,0.2778,m162,2.7778,3
H23,s77,puc19,16.7690,m169,0.0694,m168,0.0000,m167,0.0694,m166,0.0694,m165,0.0694,m164,0.0694,m163,0.2778,m162,0.5556,3
J1,s27,puc19,11.6718,m169,0.0694,m168,0.2778,m167,0.2778,m166,0.0694,m165,0.0694,m164,0.0694,m163,0.0694,m162,2.7778,3
J3,s10,puc19,11.6719,m169,0.0694,m168,0.0694,m167,0.0694,m166,0.2778,m165,0.0694,m164,0.0694,m163,0.2778,m162,2.7778,3
J5,s63,puc19,11.2968,m169,0.0694,m168,0.2778,m167,0.2778,m166,0.2778,m165,0.0694,m164,0.0694,m163,0.0694,m162,2.7778,3
J7,s69,puc19,10.2353,m169,0.2778,m168,0.2778,m167,0.2778,m166,0.2778,m165,0.2778,m164,0.0000,m163,0.2778,m162,2.7778,3
J9,s92,puc19,10.1195,m169,0.2778,m168,0.2778,m167,0.2778,m166,0.0694,m165,0.2778,m164,0.2778,m163,0.2778,m162,2.7778,3
J11,s26,puc19,11.6764,m169,0.2778,m168,0.0694,m167,0.0694,m166,0.2778,m165,0.0694,m164,0.0694,m163,0.0694,m162,2.7778,3
J13,s70,puc19,10.2734,m169,0.2778,m168,0.2778,m167,0.2778,m166,0.2778,m165,0.0000,m164,0.2778,m163,0.2778,m162,2.7778,3
J15,s29,puc19,11.6850,m169,0.2778,m168,0.2778,m167,0.0694,m166,0.0694,m165,0.0694,m164,0.0694,m163,0.0694,m162,2.7778,3
J17,s25,puc19,11.7016,m169,0.0694,m168,0.2778,m167,0.0694,m166,0.2778,m165,0.0694,m164,0.0694,m163,0.0694,m162,2.7778,3
J19,s43,puc19,11.2758,m169,0.0694,m168,0.2778,m167,0.2778,m166,0.0694,m165,0.0694,m164,0.0694,m163,0.2778,m162,2.7778,3
J21,s41,puc19,11.3056,m169,0.0694,m168,0.2778,m167,0.0694,m166,0.2778,m165,0.0694,m164,0.0694,m163,0.2778,m162,2.7778,3
J23,s71,puc19,10.2445,m169,0.2778,m168,0.2778,m167,0.2778,m166,0.0000,m165,0.2778,m164,0.2778,m163,0.2778,m162,2.7778,3
L1,s3,puc19,12.0679,m169,0.0694,m168,0.0694,m167,0.0694,m166,0.2778,m165,0.0694,m164,0.0694,m163,0.0694,m162,2.7778,3
L3,s73,puc19,10.2329,m169,0.2778,m168,0.0000,m167,0.2778,m166,0.2778,m165,0.2778,m164,0.2778,m163,0.2778,m162,2.7778,3
L5,s53,puc19,11.3082,m169,0.2778,m168,0.0694,m167,0.0694,m166,0.2778,m165,0.0694,m164,0.2778,m163,0.0694,m162,2.7778,3
L7,s40,puc19,11.2671,m169,0.0694,m168,0.0694,m167,0.2778,m166,0.2778,m165,0.0694,m164,0.0694,m163,0.2778,m162,2.7778,3
L9,s74,puc19,10.2665,m169,0.0000,m168,0.2778,m167,0.2778,m166,0.2778,m165,0.2778,m164,0.2778,m163,0.2778,m162,2.7778,3
L11,s61,puc19,11.2499,m169,0.2778,m168,0.0694,m167,0.2778,m166,0.0694,m165,0.2778,m164,0.0694,m163,0.0694,m162,2.7778,3
L13,s7,puc19,12.4429,m169,0.0694,m168,0.0694,m167,0.0694,m166,0.0694,m165,0.0694,m164,0.0694,m163,0.0694,m162,2.7778,3
L15,s28,puc19,11.6466,m169,0.2778,m168,0.0694,m167,0.2778,m166,0.0694,m165,0.0694,m164,0.0694,m163,0.0694,m162,2.7778,3
L17,s95,puc19,10.1360,m169,0.0694,m168,0.2778,m167,0.2778,m166,0.2778,m165,0.2778,m164,0.2778,m163,0.2778,m162,2.7778,3
L19,s52,puc19,11.3334,m169,0.0694,m168,0.2778,m167,0.0694,m166,0.2778,m165,0.0694,m164,0.2778,m163,0.0694,m162,2.7778,3
L21,s48,puc19,11.2733,m169,0.0694,m168,0.0694,m167,0.2778,m166,0.0694,m165,0.2778,m164,0.2778,m163,0.0694,m162,2.7778,3
L23,s79,puc19,16.7683,m169,0.0694,m168,0.0000,m167,0.0694,m166,0.0694,m165,0.2778,m164,0.0694,m163,0.0694,m162,0.5556,3
N1,s60,puc19,11.2751,m169,0.0694,m168,0.2778,m167,0.2778,m166,0.0694,m165,0.2778,m164,0.0694,m163,0.0694,m162,2.7778,3
N3,s32,puc19,11.2740,m169,0.0694,m168,0.0694,m167,0.2778,m166,0.0694,m165,0.0694,m164,0.2778,m163,0.2778,m162,2.7778,3
N5,s47,puc19,11.3031,m169,0.0694,m168,0.0694,m167,0.0694,m166,0.2778,m165,0.2778,m164,0.2778,m163,0.0694,m162,2.7778,3
N7,s36,puc19,11.2455,m169,0.0694,m168,0.0694,m167,0.2778,m166,0.0694,m165,0.2778,m164,0.0694,m163,0.2778,m162,2.7778,3
N9,s4,puc19,12.0381,m169,0.0694,m168,0.0694,m167,0.2778,m166,0.0694,m165,0.0694,m164,0.0694,m163,0.0694,m162,2.7778,3
N11,s86,puc19,15.2079,m169,0.2778,m168,0.0000,m167,0.2778,m166,0.0694,m165,0.2778,m164,0.2778,m163,0.2778,m162,0.5556,3
N13,s81,puc19,16.7602,m169,0.0694,m168,0.0000,m167,0.2778,m166,0.0694,m165,0.0694,m164,0.0694,m163,0.0694,m162,0.5556,3
N15,s34,puc19,11.2873,m169,0.2778,m168,0.0694,m167,0.0694,m166,0.0694,m165,0.0694,m164,0.2778,m163,0.2778,m162,2.7778,3
N17,s65,puc19,11.3100,m169,0.2778,m168,0.2778,m167,0.0694,m166,0.2778,m165,0.0694,m164,0.0694,m163,0.0694,m162,2.7778,3
N19,s75,puc19,9.7445,m169,0.2778,m168,0.2778,m167,0.2778,m166,0.2778,m165,0.2778,m164,0.2778,m163,0.2778,m162,2.7778,3
N21,s50,puc19,11.2866,m169,0.2778,m168,0.0694,m167,0.0694,m166,0.0694,m165,0.2778,m164,0.2778,m163,0.0694,m162,2.7778,3
N23,s35,puc19,11.2753,m169,0.0694,m168,0.0694,m167,0.0694,m166,0.2778,m165,0.2778,m164,0.0694,m163,0.2778,m162,2.7778,3
P1,s94,puc19,10.1108,m169,0.2778,m168,0.0694,m167,0.2778,m166,0.2778,m165,0.2778,m164,0.2778,m163,0.2778,m162,2.7778,3
P3,s30,puc19,11.2822,m169,0.0694,m168,0.0694,m167,0.0694,m166,0.0694,m165,0.2778,m164,0.2778,m163,0.2778,m162,2.7778,3
P5,s66,puc19,11.2802,m169,0.2778,m168,0.2778,m167,0.2778,m166,0.0694,m165,0.0694,m164,0.0694,m163,0.0694,m162,2.7778,3
P7,s59,puc19,11.2797,m169,0.2778,m168,0.0694,m167,0.0694,m166,0.2778,m165,0.2778,m164,0.0694,m163,0.0694,m162,2.7778,3
P9,s17,puc19,11.6700,m169,0.0694,m168,0.0694,m167,0.2778,m166,0.0694,m165,0.0694,m164,0.2778,m163,0.0694,m162,2.7778,3
P11,s51,puc19,11.2950,m169,0.0694,m168,0.0694,m167,0.2778,m166,0.2778,m165,0.0694,m164,0.2778,m163,0.0694,m162,2.7778,3
P13,s16,puc19,11.6998,m169,0.0694,m168,0.0694,m167,0.0694,m166,0.2778,m165,0.0694,m164,0.2778,m163,0.0694,m162,2.7778,3
P15,s58,puc19,11.3049,m169,0.0694,m168,0.2778,m167,0.0694,m166,0.2778,m165,0.2778,m164,0.0694,m163,0.0694,m162,2.7778,3
P17,s21,puc19,11.6414,m169,0.0694,m168,0.0694,m167,0.2778,m166,0.0694,m165,0.2778,m164,0.0694,m163,0.0694,m162,2.7778,3
P19,s49,puc19,11.3118,m169,0.0694,m168,0.2778,m167,0.0694,m166,0.0694,m165,0.2778,m164,0.2778,m163,0.0694,m162,2.7778,3
P21,s64,puc19,11.2716,m169,0.2778,m168,0.0694,m167,0.2778,m166,0.2778,m165,0.0694,m164,0.0694,m163,0.0694,m162,2.7778,3
P23,s68,puc19,10.2724,m169,0.2778,m168,0.2778,m167,0.2778,m166,0.2778,m165,0.2778,m164,0.2778,m163,0.0000,m162,2.7778,3
B2,s42,puc19,11.2804,m169,0.2778,m168,0.0694,m167,0.0694,m166,0.2778,m165,0.0694,m164,0.0694,m163,0.2778,m162,2.7778,4
B4,s53,puc19,11.3082,m169,0.2778,m168,0.0694,m167,0.0694,m166,0.2778,m165,0.0694,m164,0.2778,m163,0.0694,m162,2.7778,4
B6,s27,puc19,11.6718,m169,0.0694,m168,0.2778,m167,0.2778,m166,0.0694,m165,0.0694,m164,0.0694,m163,0.0694,m162,2.7778,4
B8,s89,puc19,10.1405,m169,0.2778,m168,0.2778,m167,0.2778,m166,0.2778,m165,0.2778,m164,0.2778,m163,0.0694,m162,2.7778,4
B10,s39,puc19,11.2588,m169,0.2778,m168,0.0694,m167,0.0694,m166,0.0694,m165,0.2778,m164,0.0694,m163,0.2778,m162,2.7778,4
B12,s64,puc19,11.2716,m169,0.2778,m168,0.0694,m167,0.2778,m166,0.2778,m165,0.0694,m164,0.0694,m163,0.0694,m162,2.7778,4
B14,s7,puc19,12.4429,m169,0.0694,m168,0.0694,m167,0.0694,m166,0.0694,m165,0.0694,m164,0.0694,m163,0.0694,m162,2.7778,4
B16,s26,puc19,11.6764,m169,0.2778,m168,0.0694,m167,0.0694,m166,0.2778,m165,0.0694,m164,0.0694,m163,0.0694,m162,2.7778,4
B18,s24,puc19,11.6631,m169,0.0694,m168,0.0694,m167,0.2778,m166,0.2778,m165,0.0694,m164,0.0694,m163,0.0694,m162,2.7778,4
B20,s92,puc19,10.1195,m169,0.2778,m168,0.2778,m167,0.2778,m166,0.0694,m165,0.2778,m164,0.2778,m163,0.2778,m162,2.7778,4
B22,s66,puc19,11.2802,m169,0.2778,m168,0.2778,m167,0.2778,m166,0.0694,m165,0.0694,m164,0.0694,m163,0.0694,m162,2.7778,4
B24,s30,puc19,11.2822,m169,0.0694,m168,0.0694,m167,0.0694,m166,0.0694,m165,0.2778,m164,0.2778,m163,0.2778,m162,2.7778,4
D2,s37,puc19,12.4429,m169,0.0694,m168,0.0694,m167,0.0694,m166,0.0694,m165,0.0694,m164,0.0694,m163,0.0694,m162,2.7778,4
D4,s69,puc19,10.2353,m169,0.2778,m168,0.2778,m167,0.2778,m166,0.2778,m165,0.2778,m164,0.0000,m163,0.2778,m162,2.7778,4
D6,s19,puc19,11.6833,m169,0.2778,m168,0.0694,m167,0.0694,m166,0.0694,m165,0.0694,m164,0.2778,m163,0.0694,m162,2.7778,4
D8,s95,puc19,10.1360,m169,0.0694,m168,0.2778,m167,0.2778,m166,0.2778,m165,0.2778,m164,0.2778,m163,0.2778,m162,2.7778,4
D10,s87,puc19,15.2377,m169,0.2778,m168,0.0000,m167,0.0694,m166,0.2778,m165,0.2778,m164,0.2778,m163,0.2778,m162,0.5556,4
D12,s33,puc19,11.3125,m169,0.0694,m168,0.2778,m167,0.0694,m166,0.0694,m165,0.0694,m164,0.2778,m163,0.2778,m162,2.7778,4
D14,s62,puc19,11.2884,m169,0.2778,m168,0.2778,m167,0.0694,m166,0.0694,m165,0.2778,m164,0.0694,m163,0.0694,m162,2.7778,4
D16,s83,puc19,15.2289,m169,0.2778,m168,0.0000,m167,0.2778,m166,0.2778,m165,0.2778,m164,0.2778,m163,0.0694,m162,0.5556,4
D18,s76,puc19,6.1466,m169,0.5556,m168,0.5556,m167,0.5556,m166,0.5556,m165,0.5556,m164,0.5556,m163,0.5556,m162,2.7778,4
D20,s38,puc19,11.2840,m169,0.0694,m168,0.2778,m167,0.0694,m166,0.0694,m165,0.2778,m164,0.0694,m163,0.2778,m162,2.7778,4
D22,s5,puc19,12.0766,m169,0.0694,m168,0.2778,m167,0.0694,m166,0.0694,m165,0.0694,m164,0.0694,m163,0.0694,m162,2.7778,4
D24,s68,puc19,10.2724,m169,0.2778,m168,0.2778,m167,0.2778,m166,0.2778,m165,0.2778,m164,0.2778,m163,0.0000,m162,2.7778,4
F2,s46,puc19,11.2891,m169,0.2778,m168,0.2778,m167,0.0694,m166,0.0694,m165,0.0694,m164,0.0694,m163,0.2778,m162,2.7778,4
F4,s86,puc19,15.2079,m169,0.2778,m168,0.0000,m167,0.2778,m166,0.0694,m165,0.2778,m164,0.2778,m163,0.2778,m162,0.5556,4
F6,s70,puc19,10.2734,m169,0.2778,m168,0.2778,m167,0.2778,m166,0.2778,m165,0.0000,m164,0.2778,m163,0.2778,m162,2.7778,4
F8,s88,puc19,15.2245,m169,0.0694,m168,0.0000,m167,0.2778,m166,0.2778,m165,0.2778,m164,0.2778,m163,0.2778,m162,0.5556,4
F10,s54,puc19,11.3037,m169,0.0694,m168,0.2778,m167,0.2778,m166,0.0694,m165,0.0694,m164,0.2778,m163,0.0694,m162,2.7778,4
F12,s60,puc19,11.2751,m169,0.0694,m168,0.2778,m167,0.2778,m166,0.0694,m165,0.2778,m164,0.0694,m163,0.0694,m162,2.7778,4
F14,s80,puc19,16.7900,m169,0.0694,m168,0.0000,m167,0.0694,m166,0.2778,m165,0.0694,m164,0.0694,m163,0.0694,m162,0.5556,4
F16,s4,puc19,12.0381,m169,0.0694,m168,0.0694,m167,0.2778,m166,0.0694,m165,0.0694,m164,0.0694,m163,0.0694,m162,2.7778,4
F18,s90,puc19,10.1126,m169,0.2778,m168,0.2778,m167,0.2778,m166,0.2778,m165,0.2778,m164,0.0694,m163,0.2778,m162,2.7778,4
F20,s58,puc19,11.3049,m169,0.0694,m168,0.2778,m167,0.0694,m166,0.2778,m165,0.2778,m164,0.0694,m163,0.0694,m162,2.7778,4
F22,s0,puc19,12.0469,m169,0.0694,m168,0.0694,m167,0.0694,m166,0.0694,m165,0.0694,m164,0.0694,m163,0.2778,m162,2.7778,4
F24,s48,puc19,11.2733,m169,0.0694,m168,0.0694,m167,0.2778,m166,0.0694,m165,0.2778,m164,0.2778,m163,0.0694,m162,2.7778,4
H2,s25,puc19,11.7016,m169,0.0694,m168,0.2778,m167,0.0694,m166,0.2778,m165,0.0694,m164,0.0694,m163,0.0694,m162,2.7778,4
H4,s94,puc19,10.1108,m169,0.2778,m168,0.0694,m167,0.2778,m166,0.2778,m165,0.2778,m164,0.2778,m163,0.2778,m162,2.7778,4
H6,s32,puc19,11.2740,m169,0.0694,m168,0.0694,m167,0.2778,m166,0.0694,m165,0.0694,m164,0.2778,m163,0.2778,m162,2.7778,4
H8,s52,puc19,11.3334,m169,0.0694,m168,0.2778,m167,0.0694,m166,0.2778,m165,0.0694,m164,0.2778,m163,0.0694,m162,2.7778,4
H10,s82,puc19,16.7735,m169,0.2778,m168,0.0000,m167,0.0694,m166,0.0694,m165,0.0694,m164,0.0694,m163,0.0694,m162,0.5556,4
H12,s40,puc19,11.2671,m169,0.0694,m168,0.0694,m167,0.2778,m166,0.2778,m165,0.0694,m164,0.0694,m163,0.2778,m162,2.7778,4
H14,s28,puc19,11.6466,m169,0.2778,m168,0.0694,m167,0.2778,m166,0.0694,m165,0.0694,m164,0.0694,m163,0.0694,m162,2.7778,4
H16,s15,puc19,9.7445,m169,0.2778,m168,0.2778,m167,0.2778,m166,0.2778,m165,0.2778,m164,0.2778,m163,0.2778,m162,2.7778,4
H18,s47,puc19,11.3031,m169,0.0694,m168,0.0694,m167,0.0694,m166,0.2778,m165,0.2778,m164,0.2778,m163,0.0694,m162,2.7778,4
H20,s17,puc19,11.6700,m169,0.0694,m168,0.0694,m167,0.2778,m166,0.0694,m165,0.0694,m164,0.2778,m163,0.0694,m162,2.7778,4
H22,s13,puc19,11.6554,m169,0.2778,m168,0.0694,m167,0.0694,m166,0.0694,m165,0.0694,m164,0.0694,m163,0.2778,m162,2.7778,4
H24,s43,puc19,11.2758,m169,0.0694,m168,0.2778,m167,0.2778,m166,0.0694,m165,0.0694,m164,0.0694,m163,0.2778,m162,2.7778,4
J2,s21,puc19,11.6414,m169,0.0694,m168,0.0694,m167,0.2778,m166,0.0694,m165,0.2778,m164,0.0694,m163,0.0694,m162,2.7778,4
J4,s73,puc19,10.2329,m169,0.2778,m168,0.0000,m167,0.2778,m166,0.2778,m165,0.2778,m164,0.2778,m163,0.2778,m162,2.7778,4
J6,s44,puc19,11.2506,m169,0.2778,m168,0.0694,m167,0.2778,m166,0.0694,m165,0.0694,m164,0.0694,m163,0.2778,m162,2.7778,4
J8,s6,puc19,12.0514,m169,0.2778,m168,0.0694,m167,0.0694,m166,0.0694,m165,0.0694,m164,0.0694,m163,0.0694,m162,2.7778,4
J10,s10,puc19,11.6719,m169,0.0694,m168,0.0694,m167,0.0694,m166,0.2778,m165,0.0694,m164,0.0694,m163,0.2778,m162,2.7778,4
J12,s34,puc19,11.2873,m169,0.2778,m168,0.0694,m167,0.0694,m166,0.0694,m165,0.0694,m164,0.2778,m163,0.2778,m162,2.7778,4
J14,s77,puc19,16.7690,m169,0.0694,m168,0.0000,m167,0.0694,m166,0.0694,m165,0.0694,m164,0.0694,m163,0.2778,m162,0.5556,4
J16,s41,puc19,11.3056,m169,0.0694,m168,0.2778,m167,0.0694,m166,0.2778,m165,0.0694,m164,0.0694,m163,0.2778,m162,2.7778,4
J18,s8,puc19,11.6788,m169,0.0694,m168,0.0694,m167,0.0694,m166,0.0694,m165,0.0694,m164,0.2778,m163,0.2778,m162,2.7778,4
J20,s49,puc19,11.3118,m169,0.0694,m168,0.2778,m167,0.0694,m166,0.0694,m165,0.2778,m164,0.2778,m163,0.0694,m162,2.7778,4
J22,s56,puc19,11.3169,m169,0.2778,m168,0.2778,m167,0.0694,m166,0.0694,m165,0.0694,m164,0.2778,m163,0.0694,m162,2.7778,4
J24,s9,puc19,11.6503,m169,0.0694,m168,0.0694,m167,0.0694,m166,0.0694,m165,0.2778,m164,0.0694,m163,0.2778,m162,2.7778,4
L2,s65,puc19,11.3100,m169,0.2778,m168,0.2778,m167,0.0694,m166,0.2778,m165,0.0694,m164,0.0694,m163,0.0694,m162,2.7778,4
L4,s93,puc19,10.1493,m169,0.2778,m168,0.2778,m167,0.0694,m166,0.2778,m165,0.2778,m164,0.2778,m163,0.2778,m162,2.7778,4
L6,s11,puc19,11.6421,m169,0.0694,m168,0.0694,m167,0.2778,m166,0.0694,m165,0.0694,m164,0.0694,m163,0.2778,m162,2.7778,4
L8,s2,puc19,12.0462,m169,0.0694,m168,0.0694,m167,0.0694,m166,0.0694,m165,0.2778,m164,0.0694,m163,0.0694,m162,2.7778,4
L10,s12,puc19,11.6806,m169,0.0694,m168,0.2778,m167,0.0694,m166,0.0694,m165,0.0694,m164,0.0694,m163,0.2778,m162,2.7778,4
L12,s63,puc19,11.2968,m169,0.0694,m168,0.2778,m167,0.2778,m166,0.2778,m165,0.0694,m164,0.0694,m163,0.0694,m162,2.7778,4
L14,s81,puc19,16.7602,m169,0.0694,m168,0.0000,m167,0.2778,m166,0.0694,m165,0.0694,m164,0.0694,m163,0.0694,m162,0.5556,4
L16,s29,puc19,11.6850,m169,0.2778,m168,0.2778,m167,0.0694,m166,0.0694,m165,0.0694,m164,0.0694,m163,0.0694,m162,2.7778,4
L18,s75,puc19,9.7445,m169,0.2778,m168,0.2778,m167,0.2778,m166,0.2778,m165,0.2778,m164,0.2778,m163,0.2778,m162,2.7778,4
L20,s50,puc19,11.2866,m169,0.2778,m168,0.0694,m167,0.0694,m166,0.0694,m165,0.2778,m164,0.2778,m163,0.0694,m162,2.7778,4
L22,s51,puc19,11.2950,m169,0.0694,m168,0.0694,m167,0.2778,m166,0.2778,m165,0.0694,m164,0.2778,m163,0.0694,m162,2.7778,4
L24,s16,puc19,11.6998,m169,0.0694,m168,0.0694,m167,0.0694,m166,0.2778,m165,0.0694,m164,0.2778,m163,0.0694,m162,2.7778,4
N2,s78,puc19,16.7969,m169,0.0694,m168,0.0000,m167,0.0694,m166,0.0694,m165,0.0694,m164,0.2778,m163,0.0694,m162,0.5556,4
N4,s61,puc19,11.2499,m169,0.2778,m168,0.0694,m167,0.2778,m166,0.0694,m165,0.2778,m164,0.0694,m163,0.0694,m162,2.7778,4
N6,s72,puc19,10.2842,m169,0.2778,m168,0.2778,m167,0.0000,m166,0.2778,m165,0.2778,m164,0.2778,m163,0.2778,m162,2.7778,4
N8,s18,puc19,11.7085,m169,0.0694,m168,0.2778,m167,0.0694,m166,0.0694,m165,0.0694,m164,0.2778,m163,0.0694,m162,2.7778,4
N10,s31,puc19,11.7946,m169,0.0694,m168,0.0694,m167,0.0694,m166,0.2778,m165,0.0694,m164,0.0000,m163,0.2778,m162,2.7778,4
N12,s79,puc19,16.7683,m169,0.0694,m168,0.0000,m167,0.0694,m166,0.0694,m165,0.2778,m164,0.0694,m163,0.0694,m162,0.5556,4
N14,s74,puc19,10.2665,m169,0.0000,m168,0.2778,m167,0.2778,m166,0.2778,m165,0.2778,m164,0.2778,m163,0.2778,m162,2.7778,4
N16,s36,puc19,11.2455,m169,0.0694,m168,0.0694,m167,0.2778,m166,0.0694,m165,0.2778,m164,0.0694,m163,0.2778,m162,2.7778,4
N18,s14,puc19,11.6781,m169,0.0694,m168,0.0694,m167,0.0694,m166,0.0694,m165,0.2778,m164,0.2778,m163,0.0694,m162,2.7778,4
N20,s1,puc19,12.0748,m169,0.0694,m168,0.0694,m167,0.0694,m166,0.0694,m165,0.0694,m164,0.2778,m163,0.0694,m162,2.7778,4
N22,s57,puc19,11.2664,m169,0.0694,m168,0.0694,m167,0.2778,m166,0.2778,m165,0.2778,m164,0.0694,m163,0.0694,m162,2.7778,4
N24,s85,puc19,15.2296,m169,0.2778,m168,0.0000,m167,0.2778,m166,0.2778,m165,0.0694,m164,0.2778,m163,0.2778,m162,0.5556,4
P2,s71,puc19,10.2445,m169,0.2778,m168,0.2778,m167,0.2778,m166,0.0000,m165,0.2778,m164,0.2778,m163,0.2778,m162,2.7778,4
P4,s67,puc19,12.4429,m169,0.0694,m168,0.0694,m167,0.0694,m166,0.0694,m165,0.0694,m164,0.0694,m163,0.0694,m162,2.7778,4
P6,s22,puc19,11.6799,m169,0.0694,m168,0.2778,m167,0.0694,m166,0.0694,m165,0.2778,m164,0.0694,m163,0.0694,m162,2.7778,4
P8,s55,puc19,11.2785,m169,0.2778,m168,0.0694,m167,0.2778,m166,0.0694,m165,0.0694,m164,0.2778,m163,0.0694,m162,2.7778,4
P10,s23,puc19,11.6547,m169,0.2778,m168,0.0694,m167,0.0694,m166,0.0694,m165,0.2778,m164,0.0694,m163,0.0694,m162,2.7778,4
P12,s91,puc19,10.1412,m169,0.2778,m168,0.2778,m167,0.2778,m166,0.2778,m165,0.0694,m164,0.2778,m163,0.2778,m162,2.7778,4
P14,s84,puc19,15.2010,m169,0.2778,m168,0.0000,m167,0.2778,m166,0.2778,m165,0.2778,m164,0.0694,m163,0.2778,m162,0.5556,4
P16,s3,puc19,12.0679,m169,0.0694,m168,0.0694,m167,0.0694,m166,0.2778,m165,0.0694,m164,0.0694,m163,0.0694,m162,2.7778,4
P18,s59,puc19,11.2797,m169,0.2778,m168,0.0694,m167,0.0694,m166,0.2778,m165,0.2778,m164,0.0694,m163,0.0694,m162,2.7778,4
P20,s45,puc19,9.7445,m169,0.2778,m168,0.2778,m167,0.2778,m166,0.2778,m165,0.2778,m164,0.2778,m163,0.2778,m162,2.7778,4
P22,s35,puc19,11.2753,m169,0.0694,m168,0.0694,m167,0.0694,m166,0.2778,m165,0.2778,m164,0.0694,m163,0.2778,m162,2.7778,4
P24,s20,puc19,11.6712,m169,0.0694,m168,0.0694,m167,0.0694,m166,0.2778,m165,0.2778,m164,0.0694,m163,0.0694,m162,2.7778,4
